:020000040800F2
:10000000700A00204D020008797B0008995700080B
:10001000455E0008351800088197000800000000C0
:100020000000000000000000000000009D8A0008A1
:10003000EB19000800000000A57F0008F98F0008F8
:1000400071020008710200087102000871020008C4
:1000500071020008710200087102000871020008B4
:1000600071020008710200087102000871020008A4
:100070007102000871020008710200087102000894
:100080007102000871020008B11600087102000830
:10009000391800087102000849180008ED19000815
:1000A0007102000871020008710200087102000864
:1000B0007102000815900008710200087102000822
:1000C0007102000871020008710200087102000844
:1000D00071020008319700087102000871020008DF
:1000E0007102000871020008710200087102000824
:1000F0007102000871020008710200087102000814
:100100007102000871020008710200087102000803
:1001100071020008710200082590000871020008B1
:10012000D11800087102000871020008710200086D
:1001300071020008710200087102000871020008D3
:1001400071020008710200087102000871020008C3
:1001500071020008710200087102000871020008B3
:1001600071020008710200087102000871020008A3
:10017000710200087102000871020008000000000E
:10018000710200087102000800F002F800F04FF858
:100190000AA090E8000C82448344AAF10107DA45E2
:1001A00001D100F044F8AFF2090EBAE80F0013F0E5
:1001B000010F18BFFB1A43F00103184760AB0000A2
:1001C00080AB0000103A24BF78C878C1FAD8520733
:1001D00024BF30C830C144BF04680C6070470000C1
:1001E0000023002400250026103A28BF78C1FBD840
:1001F000520728BF30C148BF0B60704766290AF01C
:10020000AB84752900F0F680732900F0D0840020BB
:1002100070471FB50AF021FC00F0E0FC040000204C
:1002200000210AF057FBE0601FBD10B510BD00F0C3
:10023000F5FD1146FFF7EDFF0AF038F900F013FE67
:1002400003B4FFF7F2FF03BC09F0E1FF0C480168BB
:1002500041F4700101600B4880470B480047FEE7FE
:10026000FEE7FEE7FEE7FEE7FEE7FEE7FEE7FEE766
:10027000FEE7000005480649044A064B70470000A7
:1002800088ED00E001900008890100087006002058
:10029000700A002070060020704753EA020C00F03C
:1002A00069802DE9F04B4FF00006002B1FBFB3FA19
:1002B00083F503FA05F424FA05F65E4012BF1643EF
:1002C000B2FA82F502FA05F4C5F120051EBF22FA42
:1002D00005FC44EA0C04203556EA044C4FEA144469
:1002E00018BF641C4FF000084FF00009904271EBFA
:1002F000030C39D3002919BFB1FA81F701FA07F6C7
:10030000B0FA80F700FA07F6C7F120071EBF20FAFF
:1003100007FC46EA0C062037B6FBF4FCA7EB050702
:10032000103F07F01F0BCBF120060CFA0BFB2CFA49
:1003300006F644BFB3460026202FA4BF5E464FF00A
:10034000000B5BEA060C08BF4FF0010B19EB0B0921
:10035000ABFB027C48EB0608C01B06FB02CC0BFB88
:1003600003CC71EB0C01C1E70B46024641464846FF
:10037000BDE8F08B13B54FF000004FF00001AFF374
:100380000080BDE81C4070470FB4044910B503AAB3
:10039000029800F011FC10BC5DF814FB080000206E
:1003A00070B50C460546012A05D02878800600D590
:1003B000EA69002302E0012305E05B1C934202D2BC
:1003C000E05C0028F9D1A869E618C01AA861286A7B
:1003D000184428622846AFF3008004E0D5E90121E3
:1003E00014F8010B9047B442F8D32846AFF30080CD
:1003F00070BD00002DE9F041064600241068752903
:10040000314616A510D0AFF30080002802DA404232
:1004100013A507E031688A0701D512A502E0490754
:1004200004D511A5012401E0AFF3008000210A22C8
:1004300006F1240709E0B0FBF2FCB0FBF2F302FB8B
:100440001C00303078541846491C0028F3D123464C
:100450002A463046BDE8F04100F02FB90000000008
:100460002D0000002B000000200000002DE9F047C7
:100470004FF0000A89460446C0F820A02046E168F3
:100480008847002876D0252806D0D4E90121904756
:10049000206A401C2062F1E7E16820460026884778
:1004A000C4F81CA005460027C4F818A02A2D09D0BE
:1004B000284609F0A5FE38B304EB8708303DC8F89C
:1004C000185019E059F8041B204604EB870291618B
:1004D000E1688847012F054618D1E069002820DA35
:1004E00026F020061DE0D8F8180000EB800005EB90
:1004F00040003038C8F818002046E16888470546B3
:1005000009F07EFE0028EED1012F0AD02E2D08D151
:100510002046E16888477F1C0546022F46F02006EA
:10052000C4DBA069002803DA404246F00106A0615E
:10053000F00701D026F010066C2D0AD0682D08D0E7
:100540004C2D39D06A2D35D0742D35D07A2D33D03D
:1005500016E0E1682F4620468847B84205460AD192
:100560006C2F27D04FF48060E1680643204688470F
:10057000054605E027E06C2F1AD04FF48070064343
:100580000DB3A5F14100192802D8203546F40066C4
:100590004A462946204626604E46FFF72FFE80B188
:1005A00001280BD0F61D26F0070000F1080965E7C9
:1005B0004020E4E78020D7E70020D5E706F10409D2
:1005C0005CE7284661E7206ABDE8F0874FF000024B
:1005D00000B5134694469646203922BFA0E80C5039
:1005E000A0E80C50B1F12001BFF4F7AF090728BF14
:1005F000A0E80C5048BF0CC05DF804EB890028BF90
:1006000040F8042B08BF704748BF20F8022B11F0B8
:10061000804F18BF00F8012B704700004FF0013CDD
:1006200050F8042B51F8043B9A4221D1A2EB0C0361
:10063000934313EACC1317D150F8042B51F8043B21
:100640009A4215D1A2EB0C03934313EACC130BD1BE
:1006500050F8042B51F8043B9A4209D1A2EB0C0349
:10066000934313EACC13DBD04FF00000704700BF78
:10067000D01A01BAB1FA81F101F0180122FA01F0A1
:10068000CB40C1F12001DBB2C0B2C01A2CFA01F399
:10069000D11A914311EAC311E6D1704770477047F0
:1006A0007047704710B500F09DFA006810BD10B596
:1006B000044600F097FA046010BD2DE9F0470D469E
:1006C00099469246044600F124080168880604D53C
:1006D000E06921F01001216000E00120A84201DD65
:1006E000471B00E00027A1697A1902EB0900081AEC
:1006F000A0612078C00602D42046AFF30080002617
:1007000008E0D4E901211AF806009047206A401C4D
:10071000761C20624E45F4DB2078C0060AD52046C0
:10072000AFF3008006E0D4E9012130209047206A31
:10073000401C2062381EA7F10107F4DC07E0D4E971
:10074000012118F805009047206A401C2062281EED
:10075000A5F10105F3DC2046AFF300802078000608
:1007600002D50220BDE8F0870120FBE770472DE9A4
:10077000FF4F0C461E464FF0FF378BB0D2E9000109
:10078000DDF860800A908A46C1F30A5505B93D46F6
:10079000002108464FF00000BAF1000F00F44000BD
:1007A00005DA00EB80004FF4400101EA50004FEA07
:1007B0009059B9F1010F00DDB9460A9850EA4A0094
:1007C0000ED044F61050A5F2FF3545432F14B8F172
:1007D000000F1ED07542291E1EDDC9F100021CE06B
:1007E000B8F1010F4FF0000001D0302103E0F243D7
:1007F00005E02154401CB042FBDB304600220021C2
:1008000021540B99C1F80880C1E900200FB0BDE860
:10081000F08FBD1B6D1CDEE74A4600DA694206A870
:1008200000F082FA06AB93E8070003AB83E8070009
:1008300050460A9900F020FB8DE80700A0F5005013
:100840001F3800900398002D0ADD42F21F014A462E
:100850000844002303A90390684600F089FD09E0DD
:10086000A0F500504A461F38002303A903906846AC
:1008700000F093FD8DE807000004000C03D04FF05A
:10088000FF30410800E01046B8F1000F03D000220D
:10089000009215461EE0751E05D400F0A7F930320F
:1008A00062556D1EF9D5B3460122084302D00022DD
:1008B0007F1C04E02078302801D100227F1E002A0E
:1008C000099784D01DE0112D07DA00F08FF930323E
:1008D00062556D1C50EA0102F5D1084302D0009820
:1008E000C8B10EE00021681E05E0235C625C635421
:1008F0002254401E491C8142F7DBAB46A81B401E18
:100900000990002004F80B000B98099AC0F80880A1
:10091000C0E9002B7AE711264FF0000857E72DE9D0
:10092000F04F88460446D21D22F0070191B0D1E96C
:100930000001CDE90A0108F025FF02460B98C00F1F
:1009400001D02D2007E02068810701D52B2002E08F
:10095000202101EAC000032A099001D0072A05DB03
:1009600003464146204600F09FF90BE120788006BF
:1009700001D5E06900E00620B8F1650F814606D098
:10098000B8F1660F18D0B8F1670F70D131E00020D0
:10099000B9F1110F009001DB112301E009F101030E
:1009A0000AAA01A90CA8FFF7E2FEDDE90C700026F7
:1009B00009F10105834647E001204B4600904FF0C6
:1009C00000470AAA01A90CA8FFF7D1FEDDE90DB086
:1009D0000C995D46002610B909F101000D18B9EB1C
:1009E000050003D4C0F1FF3609F10105A5EB0900AC
:1009F0002BE0B9F1010F01DA4FF001090020B9F144
:100A0000110F0090484601DD112300E003460AAAB9
:100A100001A90CA8FFF7ABFEDDE90C704D460026DE
:100A20008346207800070AD4AB4500DA5D4601A86A
:100A3000012D04DD411911F8011C302907D04F4563
:100A400002DA17F1040F04DA012082460FE06D1E6E
:100A5000EEE7002F02DCED1B3E4403E0781CA842C9
:100A600000DD7D1CB81B00F1010A4FF00047207823
:100A7000000703D4AA4501DB4FF0FF3A0021B7F18C
:100A8000004F0DF143088DF8431024D002202B2392
:100A9000002F01DA7F422D230A21021EA0F101005E
:100AA00000DC5FB197FBF1FC97FBF1F201FB1C7CD2
:100AB00017460CF1300C08F801CDEEE7A8F1010063
:100AC00003702188090501D5452100E06521A0F1C9
:100AD000010800F8011C09980FA9A1EB0807FF1DE8
:100AE00000B10120411901EBEA70A1693844081AEC
:100AF000401EA0612078C00602D42046AFF30080DB
:100B0000099828B1D4E901219047206A401C20624D
:100B10002078C00622D52046AFF300801EE0002ECC
:100B200004DBB34502DD01A8805D00E03020D4E99C
:100B300001219047206A401C2062761CAAF1010026
:100B40005FEA000A0AD100F049F8C0680168405C19
:100B5000D4E901219047206A401C2062281EA5F19B
:100B60000105DCDC07E0D4E9012118F8010B90470E
:100B7000206A401C2062381EA7F10107F3DC2046E2
:100B8000AFF30080032011B041E610B5436913B103
:100B9000AFF3008001E0FFF703FC012010BD1278E5
:100BA00000F124010A7000224A700122EDE7116869
:100BB0004FF0FF32E9E70000074B70B50D467B446C
:100BC00000F05FF80446284600F020F910B14FF01D
:100BD000FF3070BD204670BDE396000000487047AE
:100BE00030060020004870471006002030B5B0F1F4
:100BF0000A024FEA900E71F100034EEA817EB0EBDB
:100C00000E0061EB91014FEA101E4EEA017E10EBDF
:100C10000E0041EB11114FEA102E4EEA016E10EB5F
:100C20000E0041EB11214FEA104E4EEA014E10EB3F
:100C30000E0041EB1141401841F100014FEAD00094
:100C400040EA41704FEAD10110EB80054FEA810480
:100C500044EA907444EB01046D1944EB0404521B04
:100C6000A3414FF0000348BF0A3200D530BD401CFD
:100C700041F1000130BD000001694A1C02610878A1
:100C8000704700B58FB0CDE90131002105910549CC
:100C90007944CDE9031011466846FFF7E7FB0FB032
:100CA00000BD0000E5FFFFFF2DE9F0411F460446AF
:100CB00003260168072A01F4006004DB08B116A5C9
:100CC00005E016A503E008B115A500E015A521F083
:100CD00010002060A069C01EA0610FB1401EA0617D
:100CE0002046AFF300804FB1D4E901213846904748
:100CF000206A401C2062C01C206206E0206AFAE7DD
:100D0000D4E9012115F8010B9047761EF8D2204650
:100D1000AFF30080BDE8F0814E414E006E616E0081
:100D2000494E4600696E66002DE9F0478146164639
:100D30008AB0354878440DC88DE80D0032487844B3
:100D4000801C03AC0DC884E80D0041F69B300844BC
:100D5000372190FBF1F290FBF1F5A5F1800501FB45
:100D600012041B3C02D56442012000E00020DFF8A1
:100D700098A080460027FA44AAF1BE0A0EE0E007D8
:100D80000AD03246684607EB470101230AEB81018E
:100D900000F003FB8DE8070064107F1C002CEED1EF
:100DA000194F7F44AE3F19E0E80715D007EB041058
:100DB0000DF1180A90E80E008AE80E00C068F042B3
:100DC00001D1981908903246012306A903A800F022
:100DD000E4FA03AB83E807006D10641C002DE3D137
:100DE0004FF0010332466946B8F1000F03A802D064
:100DF00000F0BEFA01E000F0D0FAC9E90001C9F83C
:100E000008200AB0BDE8F087549F0000007B00F086
:100E10008000704700487047100600207546FFF7B5
:100E2000F9FFAE4605006946534620F007008546A7
:100E300018B020B5FFF71EFABDE820404FF00006BD
:100E40004FF000074FF000084FF0000B21F00701B2
:100E5000AC46ACE8C009ACE8C009ACE8C009ACE8F5
:100E6000C0098D46704710B50446AFF30080204698
:100E7000BDE81040FFF7E4B95FEA400C08BF91F00D
:100E8000000F4FEA8C234FEAC12243EA51514FEA47
:100E90001C5018BF00F5F0404FEA300018BF41F079
:100EA00000415FEA6C5C00F02980BCF1FF3F08BFA5
:100EB00040F080407047130C06BF12044FF0100C36
:100EC0004FF0000C130E04BF12020CF1080C130FAC
:100ED00004BF12010CF1040C930F04BF92000CF13B
:100EE000020CD30F04BF52000CF1010C11464FF05D
:100EF0000002A0F11F00A0EB0C00704711F0004FA2
:100F000008BF704731F000413FF4D5AF0B0C06BF6E
:100F100009044FF0100C4FF0000C0B0E04BF090237
:100F20000CF1080C0B0F04BF09010CF1040C8B0F22
:100F300004BF89000CF1020CCB0F04BF49000CF177
:100F4000010CCCF12003A0EB0C0022FA03F302FA0F
:100F50000CF241EA030100F10100704720F07F4CE0
:100F600080EA030023F07F47ACEB070303F57C53D3
:100F700000F0004003F1FF032DE980494FEA154BD3
:100F800009B44FEA144325EA0B4E24EA03480FF252
:100F9000042606EB132749083E785FEA320203FB7A
:100FA0000667C7F5000707FB06F64FEA54374FEA16
:100FB000D64606F1020607FB066CCCF1005C4FEA50
:100FC0001C472CEA074C07FB06F40CFB06F504EB68
:100FD00015464FEA961634BF00204FF000404FEA06
:100FE000D13706FB07FC4FEA1C4C0CFB0BF7D21B5E
:100FF00003FB0CF761EB07010CFB0EF7B0EB0740AE
:1010000072EB17420CFB08F734BFA2EB0742B2EBBE
:10101000074261EB17414FEA0C444FEA910706FB88
:1010200007FC4FEA1C4C0CFB0BF7B0EBC74072EB14
:10103000573203FB0CF734BFA2EBC742B2EBC742F7
:1010400061EB57310CFB0EF7B0EBC70072EB577238
:101050000CFB08F734BFA2EBC702B2EBC70261EB8F
:101060005771039F4FEA816141EA921104EBCC046E
:101070004FEAD1374FEA826206FB07FC42EA901240
:101080004FEA80604FEA1C4C0CFB0BF7D21B03FBB2
:101090000CF761EB07010CFB0EF7B0EB074072EBAE
:1010A00017420CFB08F734BFA2EB0742B2EB074232
:1010B00061EB17414FEA8C554FEA910704EB9C24F2
:1010C00006FB07FC4FEA1C4C0CFB0BF7B0EBC740D0
:1010D00072EB573203FB0CF734BFA2EBC742B2EB03
:1010E000C74261EB57310CFB0EF7B0EBC70072EB58
:1010F00057720CFB08F734BFA2EBC702B2EBC70272
:1011000061EB577115EB4C254FEA816141EA921171
:101110004FEA82624FEAD13742EA901206FB07FC9F
:1011200044F100044FEA80604FEA1C4C0CFB0BF7C3
:10113000D21B03FB0CF761EB07010CFB0EF7B0EBC6
:10114000074072EB17420CFB08F734BFA2EB0742D3
:10115000B2EB074261EB174115EB1C154FEA8131E9
:1011600041EA92414FEA823242EA90424FEA8030AD
:101170004FEA0C7644F1000448EA03434EEA0B4878
:101180004FF0000EB2EB080C71EB030724BF624670
:1011900039464EEB0E0E4FF0000B001852414941FC
:1011A0004BEB0B0BB2EB080C71EB03077BF1000B65
:1011B00024BF624639464EEB0E0E4FF0000B00186E
:1011C000524149414BEB0B0BB2EB080C71EB03079F
:1011D0007BF1000B24BF624639464EEB0E0E51EAFE
:1011E000020718BF46F0010616EB0E7655F1000215
:1011F00054F1000103D5BDE88901BDE80088BDE8D0
:101200008901BDE80048B619524141EB0101A3F143
:101210000103704780807F7E7D7C7B7A797877764A
:1012200076757473727171706F6E6E6D6C6C6B6AC3
:101230006A69686867666665646463636261616061
:10124000605F5F5E5E5D5D5C5C5B5B5A5A595958DE
:101250005857575656555555545453535252525148
:10126000515050504F4F4F4E4E4D4D4D4C4C4C4B9E
:101270004B4B4A4A4A4949494848484747474746E5
:101280004646454545444444444343434342424221
:1012900042414141002B9C4630D477002BD01CB5F5
:1012A0004FEA370703B44FF010004FF01001BAF1C6
:1012B000000F06D0BCF1000FDCBF40F0080040F08A
:1012C00008014FF000000FBCBDE810400BF1010B0E
:1012D000BBF1010F08BF5FEA170722BF12F101023D
:1012E00011F101014FF0004143F1000300F0004013
:1012F00043EA00007047F9D35708D0E746EA0646AC
:1013000013F1400F4FEA16461FDD13F1200FDFBF28
:1013100016430A46002120335B42BED0C3F12007AA
:1013200046EA064602FA07F74FEA164646EA070675
:10133000C3F1200722FA03F201FA07F721FA03F1B9
:101340004FF0000342EA0702A7E746EA020646EA30
:1013500006464FEA164646EA0106BCBF46EA06467E
:10136000360C4FF000034FF000024FF0000194E7FD
:101370002DE9804C9A46934670B491E8380007C82E
:1013800031EA400C48BF34EA430C03D5FFF7E6FDD1
:10139000FFF780FFF0BCBDE8008C2DE9804C9A4639
:1013A000934670B491E8380007C810F0804F08BF2A
:1013B00013F0804F03D100F005F8FFF76BFFF0BC8E
:1013C000BDE8008C20F07F4780EA030023F07F4CCB
:1013D00007EB0C03A3F57C5300F00040A3F1FE03E0
:1013E00092F0000F00F0B38095F0000F00F07780CE
:1013F0002DE901494FEA11404FEA144621EA00481D
:1014000000FB06FC24EA064708FB06F607FB08F883
:1014100000FB07F718EB06484CEB164C4FEA124B53
:1014200018EB07484FEA15464CEB174022EA0B4EE3
:101430000BFB06FC25EA06470EFB06F607FB0EFE35
:101440000BFB07F71EEB064E4CEB164C4FF000065D
:101450001EEB074E4CEB174B18EB0B0840F100004E
:1014600018EB0E0B58EB000840F100008F1A4FF0FC
:1014700000013CBFC943661B14BFB5EB040C00213F
:101480003CBFC943F61B4FEA17444EEA8E0E27EACB
:1014900004454FEA1C4704FB07622CEA074C05FB96
:1014A00007F70CFB05F604FB0CFC16EB074642EBBA
:1014B000174216EB0C4642EB1C421BEB060658EBA0
:1014C0000202414146EA9E0601D5BDE80189B619EE
:1014D000524141EB0101A3F10103BDE801894FEA4B
:1014E00014454FEA114724EA054621EA074C05FB5B
:1014F00007F406FB07F70CFB06F105FB0CFC11EBF0
:10150000074144EB17444FEA124711EB0C4144EBFF
:101510001C4422EA074C05FB07F206FB07F70CFB0D
:1015200006F605FB0CFC16EB074642EB174216EBE2
:101530000C4642EB1C456A1854F1000148BF704745
:10154000B619524141EB0101A3F10103704795F037
:10155000000F37D04FEA11424FEA144721EA024602
:1015600024EA074C02FB07F106FB07F70CFB06F425
:1015700002FB0CFC14EB074441EB17414FEA154703
:1015800014EB0C4441EB1C4125EA074C02FB07F528
:1015900006FB07F70CFB06F602FB0CFC16EB0746F6
:1015A00045EB174516EB0C4645EB1C42121951F161
:1015B000000148BF7047B619524141EB0101A3F148
:1015C000010370474FEA14454FEA114724EA0546E4
:1015D00021EA074C05FB07F106FB07F70CFB06F2B7
:1015E0004FF0000605FB0CFC12EB074241EB1741E4
:1015F00012EB0C4251EB1C4148BF7047921841EB73
:101600000101A3F10103704770B50546AC6B206C76
:1016100000F0500050BB206C40F400702064206843
:10162000806800F04050E8B9207ED8B92068C06AD0
:1016300000F4700020B12068806800F4806088B9F0
:101640002068406820F0200021684860206C20F469
:1016500080702064206C00F4805018B9206C40F039
:1016600001002064204601F0DDF80BE0206C00F062
:10167000100018B1204601F0D7F803E0A06BC16C50
:101680002846884770BD70B50546AC6B4020206485
:10169000606C40F004006064204601F0C5F870BD45
:1016A00070B50446A56B284601F0BDF870BD00007A
:1016B00010B5054801F0B9F8044801F0B6F804483F
:1016C00001F0B3F810BD0000080300205003002013
:1016D0009803002055494A6822F440324A604A681B
:1016E00043681A434A600268526822F480720368B1
:1016F0005A6002685368026943EA022203685A602A
:101700000268526822F0407203685A6002685268A8
:1017100083681A4303685A600268926822F4006280
:1017200003689A6002689268C3681A4303689A6003
:101730003F4B826A9A4218D00268926822F0706227
:1017400003689A6002689268836A1A4303689A6021
:101750000268926822F0405203689A6002689268B8
:10176000C36A1A4303689A600BE00268926822F029
:10177000706203689A600268926822F040520368BF
:101780009A600268926822F0020203689A60026816
:101790009368027E43EA420203689A602022125C48
:1017A000A2B10268526842F4006203685A6002689B
:1017B000526822F4604203685A6002685368426AC1
:1017C000521E43EA423203685A6005E002685268DA
:1017D00022F4006203685A600268D26A22F470023E
:1017E0000368DA620268D36A828B521E43EA0252AD
:1017F0000368DA620268926822F4007203689A60F1
:101800000268936890F8302043EA422203689A60A5
:101810000268926822F4806203689A6002689368A2
:10182000426943EA822203689A60704700230140BC
:101830000100000F00BFFEE710B5024801F014FCE4
:1018400010BD0000C805002010B5024801F00CFCD6
:1018500010BD0000C805002090ED000A81ED000ACF
:1018600090ED000AD0ED010AB0EE001A01EE200A58
:10187000DFED030A20EE200A81ED010A7047000027
:101880003ACD133F10B5142000280FDB4109890021
:1018900001F1E021D1F8001100F01F0301229A406C
:1018A000114009B1012102E0002100E000210C46B5
:1018B000142002F095FA044800780449087014B125
:1018C000142002F0AFFA10BD040100200501002031
:1018D00010B5024801F0FAFE10BD0000E003002040
:1018E0000146087810381823B0FBF3F20848805CF2
:1018F000C865032A05D908686FF30900001D8865CB
:1019000003E008686FF309008865886D7047000080
:1019100074AB0008014600208A6A8B69CBB932B1EA
:10192000012A0DD0022A03D0032A10D10EE000BFF5
:10193000CB6A03F08073B3F1807F00D1012007E010
:10194000CB6AB3F1C07F00D1012001E000E000BF0D
:1019500034E08B69B3F5005F1AD132B1012A07D0A8
:10196000022A03D0032A11D10AE000BF01200EE0B1
:10197000CB6A03F08073B3F1807F00D1012006E0D1
:10198000CB6AB3F1C07F00D1012000E000BF15E0B9
:1019900032B1012A05D0022A04D0032A0CD103E077
:1019A00000BF00BF012008E0CB6A03F08073B3F1F1
:1019B000807F00D1012000E000BF00BF704730B53C
:1019C0000468246824F4802405682C60046863603B
:1019D0008468402C04D10468A2600468E16003E0DC
:1019E0000468A1600468E26030BD704710B5402013
:1019F00002F080F810BD000000B500F0BBF81749F8
:101A00000968401A00EE900AB8EEE01A9FED142A19
:101A1000C1EE021AB0EE001A21EE811ADFED111AA2
:101A200021EE211AB0EE410AB5EEC00AF1EE10FA2D
:101A300006D29FED0D1A30EE011AB0EE410A0CE00D
:101A40009FED091AB4EEC10AF1EE10FA05DB9FED25
:101A5000061A30EE411AB0EE410A00BD40000020E7
:101A600000007A45DB0F4940DB0FC94000B500F0AC
:101A700081F802460A480068111AB1F5FA6F02DDD2
:101A8000A1F57A6104E011F5FA6F01DA01F57A61E6
:101A9000044800680844034B18600148026000BD18
:101AA000380000203C00002010B52DED028B0446CC
:101AB00000F060F800EE100AB8EEC00A9FED281A98
:101AC000C0EE010AB0EE000A20EE800ADFED250A22
:101AD00020EE200AF0EE408AF1EE000A68EEA00A3D
:101AE000B0EE600ADFED200A08F0CCF8B0EE408AD4
:101AF000B5EEC08AF1EE10FA05D29FED1B0A38EE62
:101B0000000AB0EE408A012C02D1184880ED008A0C
:101B1000164890ED000A38EE400AB0EE408AB5EE65
:101B2000C08AF1EE10FA06D29FED0F0A38EE000AD5
:101B3000B0EE408A0CE09FED0C0AB4EEC08AF1EEE4
:101B400010FA05DB9FED080A38EE400AB0EE408A35
:101B5000074880ED008A90ED000ABDEC028B10BDB5
:101B600000007A45DB0F4940DB0FC94048000020E8
:101B70003400002001480068406A7047C00200201D
:101B800000B58FB000BF002000904848006840F0CA
:101B90000400464908600846006800F00400009010
:101BA00000BF00BF00BF002000900846006840F062
:101BB000100008600846006800F01000009000BFA8
:101BC00000BF00BF0020009038481430006840F487
:101BD00080303649143108600846006800F48030CF
:101BE000009000BF00BF00BF00200090081F0068E9
:101BF00040F00200091F08600846006800F002007B
:101C0000009000BF00BF14210AA8FEF7DFFCC0202F
:101C10000A9002200B900E9000200C900D900AA9C3
:101C2000234801F075FF40200A9022480B900220C3
:101C30000C900AA9204801F06BFF20482049086059
:101C400000211F4881610161816040F69F71C16080
:101C500000201B494860002119484161242101A846
:101C6000FEF7B4FC03200190002005900290049040
:101C70000120039000200990069008900120079011
:101C800001A90F4802F0C8FE002202211D2002F027
:101C9000D9F81D2002F0C6F800220221172002F018
:101CA000D1F8172002F0BEF80FB000BD3038024066
:101CB0000008024000001110001002400004004023
:101CC000C002002000B5FFF797FEF0EE403A26482C
:101CD00090ED000A33EEC00AF0EE402A9FED230A91
:101CE000F4EEC02AF1EE10FA06DD9FED210A32EE85
:101CF000C00AF0EE402A0CE09FED1E0AF4EEC02A66
:101D0000F1EE10FA05D29FED1A0A32EE800AF0EEDB
:101D1000402A9FED190A82EE803A1848007801287F
:101D200006D1174880ED003A0020144908700DE0F4
:101D30009FED140A23EE000A1348D0ED000A9FED30
:101D4000131A00EE810A0E4880ED000A0C4890ED4F
:101D5000000A0D4880ED000A0348C0ED003A08482B
:101D600090ED000A00BD000044000020DB0F494058
:101D7000DB0FC940DB0F49C00AD7A33B5800002046
:101D800050000020CDCC4C3E54000020CDCC4C3F28
:101D900010B50021064802F0A5FE0421044802F017
:101DA000A1FE03480068406A0249086010BD0000B7
:101DB000C00200203800002001200A4908759FED6C
:101DC0000A0A084680ED010A9FED070A80ED000A25
:101DD0009FED060A80ED020AB3EE080A80ED040AC0
:101DE00070470000140500200000000000408346FA
:101DF00010B52DED048BB0EE409A634890ED000ACB
:101E0000DFED620A60EE200A9FED611A80EE810A22
:101E1000DFED600A80EE201A5F4880ED001A5A4814
:101E200090ED010ADFED590A60EE200A9FED581A85
:101E300080EE810ADFED570A80EE201A564880EDC9
:101E4000011A514890ED020ADFED500A60EE200AB7
:101E50009FED4F1A80EE810ADFED4E0A80EE201AC8
:101E60004D4880ED021A05F0A1F94C48007F18B9E1
:101E700004F0F6FE072802D1BDEC048B10BD4848E3
:101E800080ED039AD0ED030AB0EE600A454807F0F2
:101E90003BFA45494048FFF7DFFC06F051FA40485D
:101EA000D0ED030AB0EE600A40493F4806F058F80A
:101EB0003B4890ED040ADFED3E0A20EE208A3D48C3
:101EC00080ED0A8AB1EE480A80ED0B0A344890EDA5
:101ED000010A384880ED070A3448D0ED000AB0EE18
:101EE000600A344805F049FE324890ED090A32484C
:101EF00080ED000A28EE080AD0ED000A90ED001AE5
:101F0000F0EE408A40EEC18AF5EEC08AF1EE10FA9A
:101F100004DDB0EE680A08F08BF801E09FED270AB7
:101F2000F0EE409A2648C0ED0A9AB1EE690A80EDBB
:101F30000B0A1B4890ED000A214880ED070A1B4858
:101F4000D0ED010AB0EE600A1D4805F016FE1C48EF
:101F500090ED090A184880ED010A1148D0ED030AF6
:101F6000B0EE600A1749144806F02AF90C4890EDC3
:101F7000021AF0EE410A90ED041AB0EE410A11483F
:101F800006F08EFD00BF77E7400400203333534056
:101F9000000080458FC2F53D2C0500209C050020E7
:101FA0001405002094000020840000208C000020F4
:101FB000CDCC0C3FB40400207400002000000000D1
:101FC000E40400207C00002010B52DED028BB0EE63
:101FD000408AB0EE480AFFF70BFFBDEC028B10BD44
:101FE00010B52DED048BF0EE408AB0EE609AB0EEA5
:101FF000418A364890ED000ADFED350A60EE200A8E
:102000009FED341A80EE810ADFED330A80EE201A4C
:10201000324880ED001A2D4890ED010ADFED2C0AC0
:1020200060EE200A9FED2B1A80EE810ADFED2A0A6E
:1020300080EE201A294880ED011A244890ED020A0A
:10204000DFED230A60EE200A9FED221A80EE810A5E
:10205000DFED210A80EE201A204880ED021A05F0FB
:10206000A5F81F48007F18B904F0FAFD072802D12F
:10207000BDEC048B10BD1B4880ED038A1A48B0EEFE
:10208000480A07F041F919491448FFF7E5FB1849D8
:10209000B0EE480A154805F063FF1648C0ED008A07
:1020A00080ED019A1449B0EE480A06F089F80D480F
:1020B00090ED021AF0EE410A90ED041AB0EE410ADA
:1020C0000D4806F0EDFC00BFD2E700004004002000
:1020D00033335340000080458FC2F53D2C0500206E
:1020E0009C0500201405002094000020840000209E
:1020F0008C000020740000207C00002030B50246D7
:10210000854C8869A04200D000BF00BF92F83C0017
:10211000012801D1022030BD012082F83C0000BF1F
:102120000868092816D91068C0680C780A3C04EBC6
:1021300044050724AC40A0431468E0600C780A3CD6
:1021400004EB44048868A0401468E46820431468E1
:10215000E06013E0106800690C7804EB4405072484
:10216000AC40A043146820610C7804EB44048868F8
:10217000A040146824692043146820611068806BB3
:1021800020F440101468A0631068846B088A401E15
:1021900044EA00501468A0630879C01C0C7C001B42
:1021A00000EB80041F20A0401468A46B84431068D7
:1021B00084630879C01C0C7C001B00EB8004088839
:1021C00080B2A0401468A46B20431468A063524CF2
:1021D0008869A04218D01068806820F470201468C4
:1021E000A060106880688C6920431468A060106843
:1021F000806820F440101468A06010688068CC6982
:1022000020431468A0600BE01068806820F4702000
:102210001468A0601068806820F440101468A06002
:10222000487D30B11068406840F480601468606098
:1022300005E01068406820F4806014686060087DE4
:1022400030B11068406840F480501468606005E068
:102250001068406820F48050146860604868012865
:1022600004D002280FD0032827D119E01068406954
:102270006FF30B001468606110684069CC682043FC
:102280001468606126E0106880696FF30B001468C1
:10229000A06110688069CC6820431468A06119E0CF
:1022A0001068C0696FF30B001468E0611068C069C2
:1022B000CC6820431468E0610CE01068006A6FF39A
:1022C0000B00146820621068006ACC682043146810
:1022D000206200BF00BF114B114C1068A04206D114
:1022E0000868122803D1586840F4800058600C4CEC
:1022F0001068A04209D10868102802D00868112887
:1023000003D1586840F40000586000BF002082F8F4
:102310003C0000BF00BFFEE601000F0000230140AB
:102320000020014010B52DED028B044617492068AE
:10233000884227D1164803F0C9FE154890ED030ADC
:102340009FED141AC0EE010A9FED130A20EE800AD9
:10235000F3EE090A20EE200AB0EE408AB1EE040A3C
:10236000B4EEC08AF1EE10FA09DD9FED0C0AB4EE6E
:10237000C08AF1EE10FA02D2094880ED048A04F016
:1023800081FA00BFBDEC028B10BD000000200140AF
:1023900040040020000080453333534000008C424D
:1023A0001405002008B5024600200090401F136865
:1023B0001860012911D002290BD0032905D0042966
:1023C0000FD11068806C00900CE01068406C009099
:1023D00008E01068006C009004E01068C06B00908A
:1023E00000E000BF00BF009808BD000038B50146FE
:1023F000002000900022002300BF91F83C0001283B
:1024000001D1022038BD012081F83C0000BF0868DE
:10241000806800F00100A0B90868806840F0010001
:102420000D68A86035480068354DB0FBF5F000EB4D
:102430004000009002E00098401E009000980028A4
:10244000F9D10868806800F0010000284BD0086CC2
:1024500042F20105A84340F480500864086C00F47F
:10246000807008B90020486400BF002081F83C005B
:1024700000BF401F0D682860224C606800F01F00FC
:10248000B0B90868806800F4401008B9012000E085
:102490000020024608684068012525EA90230AB317
:1024A00003B30868806840F480000D68A86022E0EB
:1024B0000868806800F4401008B9012000E000209E
:1024C000024608684068012525EA90230E4D0868F9
:1024D000A84210D132B12BB10868806840F4800066
:1024E0000D68A86007E0086C40F010000864486CB4
:1024F00040F001004864002084E700000000002054
:1025000040420F00002301400020014038B5014641
:10251000002000900022002300BF91F83C00012819
:1025200001D1022038BD012081F83C0000BF0868BD
:10253000806800F00100A0B90868806840F00100E0
:102540000D68A86038480068384DB0FBF5F000EB26
:102550004000009002E00098401E00900098002883
:10256000F9D10868806800F00100002851D0086C9B
:1025700042F20105A84340F480500864086C00F45E
:10258000807008B90020486400BF002081F83C003A
:1025900000BF401F0D6828600868406840F0800058
:1025A0000D686860224C606800F01F00B0B90868D0
:1025B000806800F4401008B9012000E000200246C5
:1025C00008684068012525EA90230AB303B3086828
:1025D000806840F480000D68A86022E00868806888
:1025E00000F4401008B9012000E00020024608680D
:1025F0004068012525EA90230E4D0868A84210D1B5
:1026000032B12BB10868806840F480000D68A86082
:1026100007E0086C40F010000864486C40F00100CE
:10262000486400207EE700000000002040420F00C8
:10263000002301400020014010B502460B4600BFB8
:1026400092F83C00012801D1022010BD012082F83F
:102650003C0000BF0F49486820F01F0048604868F0
:102660001C6820434860486820F44040486048683F
:102670005C6820434860486820F47060486048689F
:102680009C682043486000BF002082F83C0000BFE7
:1026900000BFDAE70023014038B502460020009071
:1026A00000BF92F83C00012801D1022038BD012072
:1026B00082F83C0000BF0868092816D91068C06875
:1026C0000C780A3C04EB44050724AC40A043146892
:1026D000E0600C780A3C04EB44048868A04014686D
:1026E000E46820431468E06013E0106800690C7827
:1026F00004EB44050724AC40A043146820610C7827
:1027000004EB44048868A0401468246920431468DA
:1027100020614868072817D21068406B0C79641E46
:1027200004EB84051F24AC40A04314686063088850
:1027300080B20C79641E04EB8404A0401468646BBE
:1027400020431468606331E048680D2817D2106890
:10275000006B0C79E41F04EB84051F24AC40A043FC
:1027600014682063088880B20C79E41F04EB8404A9
:10277000A0401468246B20431468206316E010689E
:10278000C06A0C790D3C04EB84051F24AC40A043C7
:102790001468E062088880B20C790D3C04EB840474
:1027A000A0401468E46A20431468E062194B1A4C94
:1027B0001068A04206D10868122803D1586840F476
:1027C00080005860144C1068A0421CD10868102882
:1027D00002D00868112816D1586840F400005860EB
:1027E000086810280FD10D4800680D4CB0FBF4F0BC
:1027F00000EB80004000009002E00098401E009036
:1028000000980028F9D100BF002082F83C0000BFEA
:1028100000BF4BE7002301400020014000000020E2
:1028200040420F0070477047704770B5044600255E
:10283000002620680068C0F3400520684068C0F3A7
:10284000401695B38EB3206C00F0100018B9206CC0
:1028500040F4007020642068806800F04050E8B9BF
:10286000207ED8B92068C06A00F4700020B12068CA
:10287000806800F4806088B92068406820F02000FB
:1028800021684860206C20F480702064206C00F483
:10289000805018B9206C40F0010020642046FFF7FA
:1028A000C1FF6FF012002168086020680068C0F363
:1028B000800520684068C0F3C016E5B3DEB3206C25
:1028C00000F0100018B9206C40F40050206420681B
:1028D000806800F4401038BB2068806B00F4401022
:1028E00020B12068806800F48060E8B92068406802
:1028F00000F48060C0B92068806800F0405098B94A
:10290000207E88B92068406820F0800021684860F7
:10291000206C20F480502064206C00F4807018B982
:10292000206C40F0010020642046FFF7FBFC6FF0B4
:102930000C00216808602068006800F0010520682C
:102940004068C0F3801685B17EB12068006800F051
:10295000010050B1206C40F480302064204600F02B
:1029600053F86FF001002168086020680068C0F328
:10297000401520684068C0F380667DB176B1606C18
:1029800040F0020060646FF020002168086020467B
:10299000FFF74AFF6FF020002168086070BD00005B
:1029A00070B5044600250CB9012070BD1549A06A18
:1029B000884200D000BF206C30B9204600F025F8D6
:1029C0000020606484F83C00206C00F0100088B99E
:1029D000206C20F4885040F0020020642046FEF76E
:1029E00079FE00206064206C20F0020040F00100BD
:1029F000206400E0012500BF002084F83C0000BFF7
:102A00002846D2E70100000F70477047F8B504462A
:102A10000D4616460020009000BF94F83C000128A7
:102A200001D10220F8BD012084F83C0000BF2068DD
:102A3000806800F00100A0B92068806840F00100C3
:102A400021688860554800685549B0FBF1F000EBFB
:102A50004000009002E00098401E0090009800287E
:102A6000F9D12068806800F48070B0F5807F05D1CE
:102A70002068806820F48070216888602068806801
:102A800000F0010000287ED0206C40F201618843F4
:102A900040F4807020642068406800F4806028B1B1
:102AA000206C20F4005040F480502064206C00F42E
:102AB0008050B0F5805F04D1606C20F00600606447
:102AC00001E00020606400BF002084F83C0000BFEB
:102AD000344F3548A16BC8633448A16B086434484F
:102AE000A16BC8646FF0220021680860206840680C
:102AF00040F08060216848602068806840F4807001
:102B000021688860226802F14C0133462A46A06B96
:102B100000F072FF786800F01F0018BB254920689C
:102B2000884213D024492068884204D1381D0068A7
:102B300000F01F0050B12149206888422BD119486C
:102B4000001D006800F01F00102824D22068806853
:102B500000F04050F8B92068806840F0804021685B
:102B6000886018E013492068884214D12068806882
:102B700000F0405078B92068806840F080402168BB
:102B8000886008E0FFE7206C40F010002064606C73
:102B900040F001006064002044E7000000000020D5
:102BA00040420F000023014009160008A11600084A
:102BB000871600080020014000210140002201404A
:102BC00010B5024692F82030012B01D0022B06D11D
:102BD00010684069084314686061002010BD506AA5
:102BE00040F4802050620120F8E7F0B504460D461D
:102BF0001E4694F8207020688368A86800B900E039
:102C000000BF012F01D0022F7CD103F0806030B9CA
:102C100003F0006018B903F08050002873D0C3F3AC
:102C20000161022905D9606A40F400006062012058
:102C3000F0BD012088403060A86860B9B5F800C0D8
:102C4000E86840EA4C5C206800F5C07000EB0110B9
:102C5000C0F800C00FE0D5E901C040EACC00D5F8CB
:102C60000CC040EA0C00D4F800C00CF5C07C0CEBA2
:102C7000011CCCF80000D5F810C0206800F5C07029
:102C800000EB0110C0F804C0287D01280ED1206897
:102C900000F5C07000EB0110406840F4807C2068B3
:102CA00000F5C07000EB0110C0F804C0D079000638
:102CB00092F806C040EA0C4092F805C040EA0C2C9D
:102CC00010794CEA000C206800F5C07000EB011090
:102CD000C0F80CC0D078000692F802C040EA0C4060
:102CE00092F801C040EA0C2092F800C040EA0C00C3
:102CF000D4F800C00CF5C07C0CEB011CCCF808002B
:102D0000206801E016E00FE000F5C07000EB011054
:102D1000006840F0010C206800F5C07000EB011065
:102D2000C0F800C0002083E7606A40F400106062D1
:102D300001207DE7606A40F480206062012077E72F
:102D4000F0B504460A46216894F82050012D01D0C0
:102D5000022D7ED1424901F50071086840F0010062
:102D60000860086820F47C5008600868566A40EAE9
:102D700006200860107D00F01F06012000FA06F30F
:102D8000C8699843C861A1F50071D069C8B9D1F884
:102D90000C029843C1F80C02908880B2968940EAF0
:102DA000064601F51070576940F83760108880B208
:102DB000168940EA064601F51070576900EBC70016
:102DC0004660D069012819D1D1F80C021843C1F826
:102DD0000C02908880B2168840EA064601F5107011
:102DE000576940F83760908980B2168940EA0646F4
:102DF00001F51070576900EBC7004660906928B96B
:102E0000D1F804029843C1F8040204E0D1F80402A6
:102E10001843C1F80402106928B9D1F81402984384
:102E2000C1F8140204E0D1F814021843C1F81402E6
:102E3000106A012804D1D1F81C021843C1F81C0201
:102E4000D1F8000220F00100C1F800020020F0BD1E
:102E5000FFE7606A40F4802060620120F7E700002D
:102E60000064004070B5054619492868884200D0C2
:102E700070BD284600F038F804461648C46004F4D3
:102E8000007020B113480068401C124908601248C5
:102E9000204020B10F484068401C0E49486004F0B3
:102EA000040080B100200D4908700D48007850B929
:102EB0000C48007838B907488068401C054988608C
:102EC000012007490870284600F0B0FA00BFCFE79C
:102ED0000064004000060020205001000601002090
:102EE00007010020080100200146486A704770B5BC
:102EF000044694F82050012D01D0022D7DD151B906
:102F00002068C06800F0030080B9606A40F40010D7
:102F10006062012070BD2068006900F0030028B9DC
:102F2000606A40F4001060620120F3E7206800F559
:102F3000D87000EB0110006800F004009060906809
:102F400040B9206800F5D87000EB01100068400D12
:102F5000106007E0206800F5D87000EB01100068F1
:102F6000C0085060206800F5D87000EB01100068C0
:102F700000F00200D060206800F5D87000EB01106E
:102F8000406800F00F001061206800F5D87000EB79
:102F90000110406800F47F40000A9061206800F54D
:102FA000D87000EB01104068000C5061206800F5FB
:102FB000D87000EB011080681870206800F5D87098
:102FC00000EB0110806800F47F40000A5870206810
:102FD00000F5D87000EB0110806800F47F00000C51
:102FE0009870206800F5D87000EB01108068000E22
:102FF000D870206800F5D87000E02FE000EB0110D9
:10300000C0681871206800F5D87000EB0110C06826
:1030100000F47F40000A5871206800F5D87000EB7A
:103020000110C06800F47F00000C9871206800F562
:10303000D87000EB0110C068000ED87131B920685B
:10304000C06840F020002668F06005E02068006954
:1030500040F020002668306100205BE7606A40F4A1
:1030600080206062012055E72DE9F05F04460025CD
:10307000206846692068D0F8049020688768206836
:10308000D0F80CA02068D0F810B02068D0F81880D4
:1030900006F00100002855D007F00100C0B1012062
:1030A0002168886007F0020018B1204600F09EFAFF
:1030B0000EE007F0040010B145F4006508E007F0E9
:1030C000080010B145F4805502E0204600F08DFA6A
:1030D00007F48070C8B14FF480702168886007F4ED
:1030E000007018B1204600F083FA0EE007F480600B
:1030F00010B145F4005508E007F4006010B145F444
:10310000804502E0204600F072FA07F48030C8B132
:103110004FF480302168886007F4003018B12046F1
:1031200000F068FA0EE007F4802010B145F4004585
:1031300008E007F4002010B145F4803502E0204695
:1031400000F057FA06F0080038B10AF0100020B17C
:1031500045F4007510202168C86006F0040040B1F5
:103160000AF0080028B108202168C860204600F055
:103170006EF906F0020038B12068C06800F0030064
:1031800010B1204600F064F906F0400038B10BF0B1
:10319000100020B145F4806510202168086106F018
:1031A000200040B10BF0080028B108202168086118
:1031B000204600F0B3F906F0100038B1206800692D
:1031C00000F0030010B1204600F0A9F906F4003029
:1031D00040B109F0100028B1102021684860204655
:1031E00000F09EF906F4803040B109F0080028B1E3
:1031F000082021684860204600F0FDF906F40040F0
:1032000088B309F0040078B306F4807020B108F0A8
:10321000010008B145F0010506F4007020B108F086
:10322000020008B145F0020506F4806020B108F004
:10323000040008B145F0040506F40060A0B108F0F0
:10324000700088B108F07000402817D006DC102804
:103250000BD020280CD0302819D10CE0502810D0E9
:10326000602814D110E01DE019E045F008050FE0DA
:1032700045F010050CE045F0200509E045F040055B
:1032800006E045F0800503E045F4807500E000BFEE
:1032900000BF2068806920F07000216888610420E8
:1032A000216848602DB1606A284360622046FFF7BC
:1032B000D9FDBDE8F09F70B504460CB9012070BD82
:1032C00094F8200010B9204600F0AFF8206800689C
:1032D00020F002002168086000F030FD05460DE096
:1032E00000F02CFD401B0A2808D9606A40F4003029
:1032F0006062052084F820000120E0E72068406833
:1033000000F002000028EBD12068006840F00100C6
:103310002168086000F012FD05460DE000F00EFD8A
:10332000401B0A2808D9606A40F40030606205201A
:1033300084F820000120C2E72068406800F0010006
:103340000028EBD0207E012806D12068006840F0DC
:1033500080002168086005E02068006820F0800097
:1033600021680860607E012806D12068006840F06E
:1033700040002168086005E02068006820F04000F7
:1033800021680860A07E012806D12068006840F00E
:1033900020002168086005E02068006820F0200017
:1033A00021680860E07E012806D12068006820F0CE
:1033B00010002168086005E02068006840F01000F7
:1033C00021680860207F012806D12068006840F04D
:1033D00008002168086005E02068006820F0080007
:1033E00021680860607F012806D12068006840F0ED
:1033F00004002168086005E02068006820F00400EF
:1034000021680860D4E90201084321690843616921
:1034100008436168491E08432168C8610020606252
:10342000012084F82000002049E770470146002071
:1034300091F82020012A01D0022A02D100234B62F8
:1034400004E04B6A43F480234B62012070477047CD
:1034500030B589B005462C492868884206D16B46AC
:1034600002AA00212846FFF742FD30B12748006834
:10347000401C2649086009B030BD049868B9059819
:1034800058B90698022808D140F2011102988842E2
:1034900009D00298B0F5817F05D01C480068401C17
:1034A0001A490860E7E71A480078401C00F0030456
:1034B00018480078844205D114480068401C13491C
:1034C0000860D8E71449124A1278029821F82200BD
:1034D0009DF800000E4A127801EB820188709DF879
:1034E00001100D480A4A127800EB8200C17000BF3B
:1034F00000BF00BFBFF35F8F00BF00BF00BF044825
:10350000047000BFB7E70000006400400006002020
:103510000401002005010020F005002070477047DD
:10352000704770B5044694F82000012822D102208B
:1035300084F820002068006820F0010021680860FD
:1035400000F0FCFB05460DE000F0F8FB401B0A28EC
:1035500008D9606A40F400306062052084F82000D9
:10356000012070BD2068406800F001000028EBD108
:103570006062F6E7606A40F4002060620120F0E7D4
:1035800070B5044694F82000022828D1206800680D
:1035900040F001002168086000F0D0FB05460DE016
:1035A00000F0CCFB401B0A2808D9606A40F40030C8
:1035B0006062052084F82000012070BD206840680A
:1035C00000F001000028EBD02068006820F0020025
:1035D00021680860012084F820000020EDE7606A7F
:1035E00040F4801060620120E7E770477047704741
:1035F000704770477047704770B50446A56D00F07E
:103600009DFB064694F83500022808D080206065AE
:1036100000BF002084F8340000BF012070BD206886
:10362000006820F01600216808602068406920F0DA
:10363000800021684861206C08B9A06C28B120681E
:10364000006820F00800216808602068006820F009
:103650000100216808600FE000F070FB801B052866
:103660000AD92020606500BF002084F8340000BF24
:10367000032084F83500D1E72068006800F00100DD
:103680000028E9D194F85C103F208840A86000BF72
:10369000002084F8340000BF012084F835000020A9
:1036A000BCE7014691F83500022803D08020486528
:1036B00001207047052081F835000868006820F077
:1036C00001000A6810600020F3E70000F8B5044626
:1036D000002000908C4800684FF41651B0FBF1F7C1
:1036E000A56D2E6894F85C1008208840304098B191
:1036F0002068006800F0040070B12068006820F0C5
:1037000004002168086094F85C1008208840A860D4
:10371000606D40F00100606594F85C100120884005
:10372000304068B12068406900F0800040B194F8F2
:103730005C1001208840A860606D40F00200606568
:1037400094F85C1004208840304068B1206800681C
:1037500000F0020040B194F85C1004208840A8609A
:10376000606D40F00400606594F85C1010208840A3
:10377000304078B32068006800F0080050B394F837
:103780005C1010208840A8602068006800F4802049
:1037900080B12068006800F4002028B9206CC8B10E
:1037A0002046216C884715E0A06C98B12046A16C9A
:1037B00088470FE02068006800F4807028B920680E
:1037C000006820F0080021680860206C10B12046D5
:1037D000216C884794F85C102020884030400028F5
:1037E00065D02068006800F0100000285FD094F8D1
:1037F0005C1020208840A86094F83500052828D166
:103800002068006820F01600216808602068406980
:1038100020F0800021684861206C08B9A06C28B1B4
:103820002068006820F008002168086094F85C10A7
:103830003F208840A86000BF002084F8340000BF0B
:10384000012084F83500206D10B12046216D884795
:10385000F8BD2068006800F4802080B1206800680E
:1038600000F4002028B9606C10B12046616C8847D4
:103870001DE0E06BD8B12046E16B884717E0206877
:10388000006800F4807068B92068006820F01000BB
:103890002168086000BF002084F8340000BF0120C8
:1038A00084F83500E06B10B12046E16B8847606D0D
:1038B00038B3606D00F00100F0B1052084F83500E8
:1038C0002068006820F001002168086000BF0098AF
:1038D000401C0090B84200D905E02068006800F064
:1038E00001000028F3D100BF00BF002084F834009D
:1038F00000BF012084F83500E06C10B12046E16C77
:10390000884700BFA4E70000000000202DE9F04137
:103910000446002500F012FA074614B90120BDE85C
:10392000F081606A00B100BF00BF002084F834005D
:1039300000BF022084F835002068006820F00100F4
:10394000216808600AE000F0F9F9C01B052805D9D4
:1039500020206065032084F83500E0E720680068D7
:1039600000F001000028EED12068056821480540DC
:10397000D4E901010843E16808432169084361690A
:103980000843A1690843E1690843216A08430543E4
:10399000606A042803D1D4E90B0108430543206879
:1039A00005602068456925F00705606A0543606A7F
:1039B00004280DD1A06A0543E06A48B12046FDF70E
:1039C000A9FF28B140206065012084F83500A6E7F2
:1039D000206845612046FDF783FF064694F85C1099
:1039E0003F208840B06000206065012084F83500E9
:1039F000002094E73F8010F02DE9F04704460D4683
:103A000016461F464FF00008D4F8589000BF94F8AF
:103A10003400012802D10220BDE8F087012084F89B
:103A2000340000BF94F83500012825D1022084F825
:103A30003500002060653B46324629462046FDF7AA
:103A4000BEFF94F85C103F208840C9F80800206849
:103A5000006840F0160021680860206C28B12068DA
:103A6000006840F00800216808602068006840F0A5
:103A700001002168086006E000BF002084F83400DF
:103A800000BF4FF002084046C6E710B50446A0B29A
:103A900006F0CAFB10BD000010B50446402C19D139
:103AA0000D480078B0B90D480068406A0C490860BC
:103AB00000200C4908600A4800680B4908609FED27
:103AC0000B0A0B4880ED000A0120034908701720FB
:103AD00000F086F910BD00004C000020C00200205C
:103AE000400000203C0000203800002000000000C2
:103AF0004400002010B5044604480068204020B16E
:103B0000024804602046FFF7C7FF10BD143C014087
:103B1000F8B502460B460025002400200021DEE017
:103B2000012606FA01F51E6806EA0504AC4275D1C5
:103B30001E7906F00306012E04D01E7906F0030656
:103B4000022E13D190684F000326BE40B0434F00B1
:103B5000DE68BE4030439060506801268E40B0431E
:103B60001E79C6F300168E40304350601E7906F071
:103B70000306032E09D0D0684F000326BE40B04391
:103B80004F009E68BE403043D0601E7906F00306A9
:103B9000022E13D1CF0802F1200656F827004E0757
:103BA000F70E0F26BE40B0434F07FF0E1E69BE4002
:103BB0003043CF0802F1200646F8270010684F0076
:103BC0000326BE40B0431E7906F003064F00BE40F8
:103BD000304310605E6806F08056B6F1805F7DD19C
:103BE00000BF00260096404E366846F480463E4FA1
:103BF0003E603E46366806F48046009600BF00BF31
:103C00003A4E8F0856F827008E07370F0F26BE4012
:103C1000B043374EB24202D1002624E05EE0354E7A
:103C2000B24201D101261EE0334EB24201D102263A
:103C300019E0324EB24201D1032614E0304EB242B6
:103C400001D104260FE02F4EB24201D105260AE031
:103C50002D4EB24201D1062605E02C4EB24201D1D2
:103C6000072600E008268F073F0FBE4030431F4E57
:103C70008F0846F82700264E3068A0435E6806F499
:103C80008036B6F5803F00D12043214E3060361D8E
:103C90003068A0435E6806F40036B6F5003F00D1F8
:103CA00020431B4E361D3060361D3068A0435E68D1
:103CB00006F48016B6F5801F00D12043144E083656
:103CC0003060361D3068A0435E6806F40016B6F515
:103CD000001F00D120430E4E0C363060491C1029C5
:103CE000FFF41EAFF8BD0000443802400838014020
:103CF000000002400004024000080240000C0240A4
:103D0000001002400014024000180240001C024053
:103D1000003C0140024613690B400BB1012000E05A
:103D2000002070470AB1816101E00B048361704794
:103D300001480068000C7047002004E0014800685A
:103D4000704700001000002003480068034909780C
:103D50000844014908607047100000201800002046
:103D600010B50A48006840F4007008490860084629
:103D7000006840F480600860052000F0A1F80F2082
:103D800000F006F800F02AF8002010BD003C0240C8
:103D900070B504460E4800784FF47A71B1FBF0F02C
:103DA0000C490968B1FBF0F5284600F03FFC08B16A
:103DB000012070BD102C07D200222146501E00F0B9
:103DC00041F80548046001E00120F2E70020F0E737
:103DD00018000020000000201400002070470000A0
:103DE00010B501460846002817DB00F01F0301222A
:103DF0009A400B4B440943F8242000BF00BF00BF8A
:103E0000BFF34F8F00BF00BF00BF00BF00BF00BFA8
:103E1000BFF36F8F00BF00BF00BF00BF10BD000029
:103E200080E100E001460846002809DB00F01F039E
:103E300001229A4043099B0003F1E023C3F80021CB
:103E400000BF70472DE9F05F80460D4616460027FB
:103E500005F008FD074639462A46334601F00700BB
:103E6000C0F1070ABAF1040F02D94FF0040A01E0C9
:103E7000C0F1070AD14600F1040ABAF1070F02D2D5
:103E80004FF0000A01E0A0F1030AD4464FF0010A06
:103E90000AFA09FAAAF1010A0AEA020A0AFA0CFA6B
:103EA0004FF0010B0BFA0CFBABF1010B0BEA030B10
:103EB0004AEA0B042146404605F0DCFCBDE8F09FD1
:103EC00000BF00F00702064B19684FF6FF031940C8
:103ED000044B0B4343EA0221014B196000BF7047BA
:103EE0000CED00E00000FA0570B504460D460CB973
:103EF000012070BD5848006800F00700A84209D2B0
:103F000055490D700846006800F00700A84201D02E
:103F10000120EEE7207800F0020002281DD1207871
:103F200000F00400042805D14C48006840F4E0503B
:103F30004A490860207800F00800082805D1474861
:103F4000006840F46040454908604448006820F03B
:103F5000F000A168084341490860207800F00100A2
:103F6000A8B36068012807D13C4808380068C0F34E
:103F70004040B8B90120BCE76068022802D0606800
:103F8000032807D1354808380068C0F3406048B9B5
:103F90000120AEE7314808380068C0F3400008B996
:103FA0000120A6E72D48006820F00300616808435F
:103FB0002A490860FFF7C2FE064609E0FFF7BEFE89
:103FC000801B41F28831884202D9032091E707E043
:103FD0002248006800F00C006168B0EB810FEDD161
:103FE0001D48006800F00700A84209D91A490D7061
:103FF0000846006800F00700A84201D0012078E7D9
:10400000207800F00400042807D11448006820F448
:10401000E050E168084311490860207800F008008A
:10402000082808D10D48006820F46040216940EA62
:10403000C1000A49086000F03FF808490968C1F367
:104040000311074A515CC8400649086006480068E9
:10405000FFF79EFE00204CE7003C0240083802407B
:104060005CAB00080000002014000020014800683C
:10407000704700000000002000B5FFF7F7FF04497B
:104080000968C1F38221034A515CC84000BD0000A9
:10409000083802406CAB000800B5FFF7E7FF0449A1
:1040A0000968C1F34231034A515CC84000BD0000B9
:1040B000083802406CAB00082DE9F04700240025C9
:1040C0000026A1462548006800F00C0020B1042815
:1040D00005D008283AD105E0DFF8849039E0DFF810
:1040E000849036E01D48001F006800F03F041B4824
:1040F000001F006800F4800078B11A481749091FB2
:104100000968C1F38811A0FB017001462246002313
:104110003846FCF7C2F805460EE011480F49091F62
:104120000968C1F38811A0FB0170014622460023F3
:104130003846FCF7B2F805460848001F0068C0F38F
:104140000140401C4600B5FBF6F902E0DFF8109094
:1041500000BF00BF4846BDE8F087000008380240B5
:104160000024F40000127A00F8B504460CB90120CE
:10417000F8BD207800F00100002874D0F9480068EC
:1041800000F00C0004280DD0F648006800F00C0088
:10419000082813D1F348001F006800F48000B0F530
:1041A000800F0BD1EF4808380068C0F3404000286A
:1041B00059D06068002856D10120D9E700BF606857
:1041C000B0F5803F08D1E7480838006840F48030F7
:1041D000E449083908601EE06068B0F5A02F0DD1F1
:1041E000E0480838006840F48020DE49083908605B
:1041F0000846006840F4803008600CE0D948083870
:10420000006820F48030D749083908600846006803
:1042100020F48020086000BF606890B1FFF78EFD39
:10422000054606E0FFF78AFD401B642801D90320FC
:104230009EE7CC4808380068C0F340400028F1D021
:1042400011E0FFF77BFD054606E0FFF777FD401B19
:10425000642801D903208BE7C24808380068C0F3FE
:1042600040400028F1D1207800F0020002285FD100
:10427000BC48006800F00C0058B1BA48006800F073
:104280000C0008281CD1B748001F006800F480000B
:10429000B0B9B44808380068C0F3400020B1E06805
:1042A000012801D0012063E7AE480838006820F0FB
:1042B000F800216940EAC100AA490839086037E0DE
:1042C000E06800B30120A8490860FFF737FD054604
:1042D00006E0FFF733FD401B022801D9032047E722
:1042E000A04808380068C0F340000028F1D09D487D
:1042F0000838006820F0F800216940EAC1009949B7
:104300000839086014E0002097490860FFF716FD9F
:10431000054606E0FFF712FD401B022801D90320E5
:1043200026E7904808380068C0F340000028F1D123
:10433000207800F0080008282CD16069A8B101207D
:104340008A490860FFF7FAFC054606E0FFF7F6FC2D
:10435000401B022801D903200AE782486C3000681C
:10436000C0F340000028F1D014E000207F4908602D
:10437000FFF7E4FC054606E0FFF7E0FC401B0228DF
:1043800001D90320F4E677486C300068C0F34000A0
:104390000028F1D1207800F00400042870D1002713
:1043A00070483830006800F0805090B900BF00209D
:1043B00000906C483830006840F0805069493831CE
:1043C00008600846006800F08050009000BF00BF01
:1043D00001276748006800F48070B0B9644800683D
:1043E00040F4807062490860FFF7A8FC054606E0CB
:1043F000FFF7A4FC401B022801D90320B8E65C4863
:10440000006800F480700028F2D000BFA068012886
:1044100008D154486830006840F0010051496831C3
:1044200008601DE0A06805280DD14E48683000687E
:1044300040F004004B49683108600846006840F0CD
:10444000010008600CE047486830006820F0010077
:104450004449683108600846006820F0040008609C
:1044600000BFA068A8B1FFF769FC054609E0FFF7A7
:1044700065FC401B41F28831884202D9032077E66F
:1044800026E0384868300068C0F340000028EED0CD
:1044900013E0FFF753FC054608E0FFF74FFC401B15
:1044A00041F28831884201D9032061E62D48683005
:1044B0000068C0F340000028EFD1012F07D1294840
:1044C0003830006820F0805026493831086000BF3D
:1044D000A069002845D02348006800F00C00082897
:1044E0005DD0A069022845D100201F490866FFF76A
:1044F00025FC054606E0FFF721FC401B022801D9F8
:10450000032035E6174808380068C0F340600028EB
:10451000F1D1D4E907010843616A40EA811101221F
:10452000A06AC2EB500041EA00412C20005D41EA44
:1045300000600C49091F086001200B490866FFF75D
:10454000FDFB054606E0FFF7F9FB401B022801D9F9
:1045500003200DE6034808380068C0F340600028D7
:10456000F1D049E00838024000004742800E47423F
:1045700000700040002021490866FFF7DFFB054678
:1045800006E0FFF7DBFB401B022801D90320EFE523
:104590001B480068C0F340600028F2D12CE0A069FD
:1045A000012800D1E4E51648001D0668A06901282D
:1045B00020D006F48001E06981421BD106F03F0162
:1045C000206A814216D147F6C0703040616AB0EB74
:1045D000811F0FD106F440310122A06AC2EB5000C6
:1045E000B1EB004F06D106F070612C20005DB1EBFD
:1045F000006F01D00120BBE50020B9E50000474273
:1046000000380240042808D14FF0E021096941F048
:1046100004014FF0E022116107E04FF0E021096949
:1046200021F004014FF0E0221161704770B504469B
:104630002546681EB0F1807F01D301200FE0681E7F
:104640004FF0E02148610F214FF0FF3005F012F9E3
:1046500000204FF0E021886107200861002070BD34
:104660007047704710B50346002200BF93F83C0026
:10467000012801D1022010BD012083F83C0000BFB9
:1046800022F0FF00CC6840EA040222F440708C68FB
:1046900040EA040222F480604C6840EA040222F4FA
:1046A00000600C6840EA040222F480500C6940EA81
:1046B000040222F400504C6940EA040222F48040D3
:1046C000CC6940EA04021868426400BF002083F805
:1046D0003C0000BF00BFCEE730B502460B4600BF2E
:1046E00092F83C00012801D1022030BD012082F85F
:1046F0003C0000BF022082F83D001068446810684A
:10470000816824F070041868044310684460184DF0
:104710001068A8421BD01068B0F1804F17D0154D1B
:104720001068A84213D0144D1068A8420FD0134D42
:104730001068A8420BD0124D1068A84207D0114D46
:104740001068A84203D0104D1068A84205D121F08E
:1047500080015868014310688160012082F83D00A3
:1047600000BF002082F83C0000BF00BFBDE7000092
:10477000000001400004004000080040000C004020
:1047800000040140004001400018004070B504469C
:104790000D4615B994F842000BE0042D02D14320D8
:1047A000005D06E0082D02D14420005D01E04520B7
:1047B000005D012801D0012070BD1DB9022084F8E0
:1047C00042000EE0042D03D102214320015508E0F0
:1047D000082D03D102214420015502E00221452089
:1047E000015504222946206804F0A1FC2068406C91
:1047F00040F40040216848641A49206888421BD070
:104800002068B0F1804F17D017492068884213D034
:104810001649206888420FD01549206888420BD07D
:1048200014492068884207D013492068884203D081
:104830001249206888420CD12068806800F0070681
:10484000062E0CD02068006840F001002168086046
:1048500005E02068006840F0010021680860002041
:10486000AAE70000000001400004004000080040EA
:10487000000C0040000401400040014000180040CE
:1048800070B504460D4600222946206804F04FFC0E
:1048900000BF2068006A41F21111084050B9206839
:1048A000006A8910084028B92068406C20F4004054
:1048B0002168486400BF00BF2068006A41F21111FE
:1048C000084050B92068006A8910084028B920685B
:1048D000006820F001002168086000BF1DB90120B8
:1048E00084F842000EE0042D03D10121432001553C
:1048F00008E0082D03D101214420015502E00121E7
:1049000045200155002070BD10B504460CB90120AA
:1049100010BD94F83D0028B9002084F83C002046E2
:1049200000F025F8022084F83D00211D206804F0E5
:1049300081FB012084F8460000BF84F83E0001217D
:104940003F200155402001554120015500BF00BFC7
:10495000012084F8420043200155442001554520A0
:10496000015500BF012084F83D000020D0E77047CA
:10497000014691F83D00012801D001207047022036
:1049800081F83D000868C06840F001000B68D860FD
:104990001A4B086898421BD00868B0F1804F17D0B6
:1049A000174B0868984213D0164B086898420FD0EE
:1049B000154B086898420BD0144B0868984207D0F2
:1049C000134B0868984203D0124B086898420CD1E8
:1049D0000868806800F00702062A0CD008680068A2
:1049E00040F001000B68186005E00868006840F0BE
:1049F00001000B6818600020C0E7000000000140C3
:104A00000004004000080040000C00400004014089
:104A100000400140001800402DE9F04104460D46D9
:104A200014B90120BDE8F08194F83D0028B90020B8
:104A300084F83C00204600F053F8022084F83D0042
:104A40002068806844F20701884321688860211D3E
:104A5000206804F0EFFA2068D0F8088020688669A2
:104A60002068076A286840EA080840F20330864355
:104A7000A969A86840EA0120064340F60C40864335
:104A80004FF2F0008643E969E86840EA01200643F6
:104A900028690001296A40EA0130064327F022070D
:104AA00027F088076969686840EA011007432068B1
:104AB000C0F808802068866120680762012084F8B9
:104AC000460084F83E0001213F200155012084F872
:104AD000420043200155012084F83D000020A1E759
:104AE000704770472DE9F04104460D4615B994F81A
:104AF0003E000BE0042D02D13F20005D06E0082DB2
:104B000002D14020005D01E04120005D074615B95B
:104B100094F842000BE0042D02D14320005D06E032
:104B2000082D02D14420005D01E04520005D804653
:104B3000012F02D1B8F1010F02D00120BDE8F081B0
:104B40001DB9022084F83E000EE0042D03D102219D
:104B50003F20015508E0082D03D1022140200155D6
:104B600002E00221412001551DB9022084F84200D3
:104B70000EE0042D03D102214320015508E0082D49
:104B800003D102214420015502E0022145200155B4
:104B900001222946206804F0B9FA1A49206888429F
:104BA0001BD02068B0F1804F17D017492068884289
:104BB00013D01649206888420FD0154920688842D2
:104BC0000BD014492068884207D0134920688842D6
:104BD00003D01249206888420CD12068806800F018
:104BE0000706062E0CD02068006840F001002168FE
:104BF000086005E02068006840F001002168086056
:104C000000209BE700000140000400400008004035
:104C1000000C00400004014000400140001800402A
:104C200010B5044620680069C0F34000D8B1206880
:104C3000C068C0F34000B0B16FF0020021680861A5
:104C4000012020772068806900F0030018B1204619
:104C5000FFF747FF05E0204600F0ADF8204600F0E2
:104C600063F90020207720680069C0F38000D8B184
:104C70002068C068C0F38000B0B16FF00400216804
:104C80000861022020772068806900F4407018B124
:104C90002046FFF726FF05E0204600F08CF820466E
:104CA00000F042F90020207720680069C0F3C000BE
:104CB000D8B12068C068C0F3C000B0B16FF0080080
:104CC00021680861042020772068C06900F0030093
:104CD00018B12046FFF705FF05E0204600F06BF80D
:104CE000204600F021F90020207720680069C0F3F9
:104CF0000010D8B12068C068C0F30010B0B16FF0E8
:104D0000100021680861082020772068C06900F43D
:104D1000407018B12046FFF7E4FE05E0204600F0A1
:104D20004AF8204600F000F900202077206800694A
:104D300000F0010058B12068C06800F0010030B1F7
:104D40006FF0010021680861204600F0C9F9206871
:104D50000069C0F3C01058B12068C068C0F3C0102B
:104D600030B16FF08000216808612046FFF778FCC1
:104D700020680069C0F3801058B12068C068C0F393
:104D8000801030B16FF0400021680861204600F0CB
:104D90006DFA20680069C0F3401058B12068C068FF
:104DA000C0F3401030B16FF0200021680861204648
:104DB000FFF757FC10BD704770B504460D46164608
:104DC00000BF94F83C00012801D1022070BD0120F1
:104DD00084F83C0000BF022084F83D0036B1042E68
:104DE0001BD0082E31D00C2E5ED145E0294620681C
:104DF00004F0AEF92068806940F0080021688861FD
:104E00002068806920F0040021688861206880693A
:104E1000296908432168886147E02946206804F031
:104E2000CFF92068806940F40060216888612068BB
:104E3000806920F480602168886120688069296920
:104E400040EA0120216888612FE02946206804F0AB
:104E5000F5F92068C06940F008002168C861206841
:104E6000C06920F004002168C8612068C069296910
:104E700008432168C86118E02946206804F01AFA3E
:104E80002068C06940F400602168C8612068C0697A
:104E900020F480602168C8612068C069296940EAFF
:104EA00001202168C86100E000BF00BF012084F834
:104EB0003D0000BF002084F83C0000BF00BF85E734
:104EC00010B504460CB9012010BD94F83D0028B976
:104ED000002084F83C00204600F025F8022084F8E9
:104EE0003D00211D206804F0A5F8012084F846004B
:104EF00000BF84F83E0001213F20015540200155AC
:104F00004120015500BF00BF012084F8420043202A
:104F10000155442001554520015500BF012084F86A
:104F20003D000020D0E770477047000070B5044690
:104F30000D4615B994F83E000BE0042D02D13F2038
:104F4000005D06E0082D02D14020005D01E0412017
:104F5000005D012801D0012070BD1DB9022084F838
:104F60003E000EE0042D03D102213F20015508E050
:104F7000082D03D102214020015502E002214120E9
:104F8000015501222946206804F0C0F82349206811
:104F9000884203D022492068884201D1012000E0E4
:104FA000002028B12068406C40F40040216848642B
:104FB0001A49206888421BD02068B0F1804F17D072
:104FC00018492068884213D01749206888420FD0BA
:104FD0001649206888420BD011492068884207D0C2
:104FE00013492068884203D01249206888420CD1B6
:104FF0002068806800F00706062E0CD02068006844
:1050000040F001002168086005E02068006840F079
:1050100001002168086000209EE7000000000140B8
:10502000000401400004004000080040000C004063
:10503000004001400018004030B504460D460022F3
:105040002946206804F062F823492068884203D08A
:1050500022492068884201D1012000E0002090B15F
:1050600000BF2068006A41F21111084050B9206861
:10507000006A8910084028B92068406C20F400407C
:105080002168486400BF00BF2068006A41F2111126
:10509000084050B92068006A8910084028B9206883
:1050A000006820F001002168086000BF1DB90120E0
:1050B00084F83E000EE0042D03D101213F2001556C
:1050C00008E0082D03D101214020015502E0012113
:1050D00041200155002030BD000001400004014086
:1050E0002DE9F0472DED028B064653493068884282
:1050F00075D1FCF7BBFC51480078401C4F49087043
:105100000846007805286BD300200870FCF7DAFD0C
:10511000DFED4B0A80EE201A9FED4A0A21EE000ACD
:10512000494880ED000A01F09BFD0446052C01D0A2
:10513000062C02D102F0BCF905E0444890ED000ACB
:10514000434880ED000A424890ED000AB5EEC00ADF
:10515000F1EE10FA03DD01203E4908750AE03C48F3
:1051600090ED000AB5EEC00AF1EE10FA02D200206E
:105170003849087501F074FD0446374890ED038AFC
:1051800090F8507090F85180062C1BD1D7B1B8F12F
:10519000000F17D018EE100A20F00041C1F1FF41B6
:1051A000C90F79B918EE100A4FF07F41B1EB400FEB
:1051B00001D1012100E0002121B9284880ED008AB9
:1051C000012506E0204890ED000A244880ED000A01
:1051D000002523480078854203D0012002E027E023
:1051E00024E0002081461E480570052C01D0062CC5
:1051F0001BD1174890ED000A1A4880ED070AB9F153
:10520000000F04D0154890ED000A02F00DF99FED53
:10521000160A104880ED010A104890ED000A114866
:1052200002F0ABFC0B4880ED000A00BF01F0DEFE8F
:10523000BDEC028BBDE8F08700100040310000207B
:10524000DB0FC94000007042200000202800002031
:105250002C00002014050020480500202400002018
:105260003000002054040020000000007047704708
:10527000704701460022002391F83D2091F83E300E
:1052800042EA0300704700002DE9F84F0446206809
:1052900005682068C668206847694FF00009CA465B
:1052A00005F00F09B9F1000F0AD105F0200038B15F
:1052B00006F0200020B1204604F070F8BDE8F88F19
:1052C000B9F1000F72D007F0010018B906F4907020
:1052D00000286BD005F0010030B106F4807018B1E1
:1052E000206C40F00100206405F0040030B107F0AC
:1052F000010018B1206C40F00200206405F00200AB
:1053000030B107F0010018B1206C40F004002064B7
:1053100005F0080048B106F0200010B907F00100C0
:1053200018B1206C40F008002064206C70B305F0C8
:10533000200028B106F0200010B1204604F02EF81D
:1053400020684069C0F3801A206C00F0080010B992
:10535000BAF1000F23D0204603F0F5FF2068406922
:1053600000F04000402816D12068406920F040003D
:1053700021684861A06B50B15648A16B0865A06BCD
:10538000FEF78FF910B1A06B016D88470CE0204645
:10539000FFF76EFF08E02046FFF76AFF04E02046B3
:1053A000FFF766FF0020206488E7FFE7206B0128F5
:1053B00079D105F01000002875D006F01000002803
:1053C00071D000BF00200090206800680090206825
:1053D0004068009000BF00BF2068406900F04000B6
:1053E000402839D1A06B006840681FFA80F8B8F1F6
:1053F000000F30D0A08D40452DDDA4F82E80A06B8D
:10540000C069B0F5807F1FD02068C06820F480702C
:105410002168C8602068406920F001002168486167
:105420002068406920F0400021684861202084F80D
:105430003E00002020632068C06820F01000216832
:10544000C860A06BFEF7D8F8A08DE28D801A81B2FB
:105450002046FFF70CFF31E7A08DE18D401A1FFABF
:1054600080F8E08DE8B1B8F1000F1AD02068C0686C
:1054700020F490702168C8602068406920F0010025
:1054800021684861202084F83E00002020632068C5
:10549000C06820F010002168C86041462046FFF730
:1054A000E6FE0BE7FFE705F0800030B106F0800074
:1054B00018B1204604F00BF900E705F0400030B1C8
:1054C00006F0400018B1204603F058FFF6E600BF92
:1054D000F4E600003393000810B504460CB901202F
:1054E00010BDA06900B100E000BF94F83D0028B9EC
:1054F000002084F83C00204600F028F8242084F89E
:105500003D002068C06820F400502168C860204633
:1055100003F0A4FF2068006920F49040216808612E
:105520002068406920F02A00216848612068C0682E
:1055300040F400502168C86000202064202084F8D6
:105540003D0084F83E000020CAE7000010B586B098
:1055500004462D492068884254D100BF00BF002076
:1055600000902A48006840F010002849086008466A
:10557000006800F01000009000BF00BF00BF00BF37
:1055800000BF0020009021481438006840F002005D
:105590001E49143908600846006800F002000090B7
:1055A00000BF00BF00BF00BF00BF00200090084642
:1055B000006840F0020008600846006800F0020041
:1055C000009000BF00BF00BF402001900220029069
:1055D00001200390022004900720059001A90C48A7
:1055E000FEF796FA802001900720059001A908484F
:1055F000FEF78EFA2520FEF715FC03221146252022
:10560000FEF720FC06B010BD0010014044380240F7
:105610000004024070B504460D46164694F83E005C
:10562000202816D105B10EB9012070BD00BF94F835
:105630003C00012801D10220F7E7012084F83C005A
:1056400000BF0020206332462946204604F01CF8A3
:10565000EBE70220E9E700001D4A0168914236D1DC
:105660001C49098801F4004189BB1A49098801F4E1
:10567000804171B1184909780A2903D00021154ADF
:10568000118024E01349098841F40041114A118036
:105690001DE0114909780D2906D10E49098841F408
:1056A00080410C4A118012E00B490978094A12889E
:1056B000C2F30D02094B995406490988491C054A51
:1056C000118011460988C72901DD0021118070472A
:1056D000001001400C0000200E00002024010020DA
:1056E0007047000070B504462448007800B970BDCA
:1056F0002348007870B923480068201AB0F5FA7F73
:1057000008D99FED210A01F045FE01201C490870CF
:105710001E4804601A48007800B9E8E701F0A0FAD2
:105720000546052D01D0062D1ED1194890ED000A21
:10573000B0EEC00AF6EE000AB4EEE00AF1EE10FA9E
:105740000BDC144890ED000AB0EEC00AF3EE0E0A2E
:10575000B4EEE00AF1EE10FA06DD0C480068201AFB
:10576000B0F5FA5F00D2C2E703F034FC0020034931
:1057700008700349087000BFB9E700000A01002063
:105780000B0100200C01002000000000100100208F
:105790002C0000202000002000BFFEE710B59FED88
:1057A0001B0A1B4880ED000A9FED1A0A1A4880ED7B
:1057B000000A9FED1A0A1A4880ED000A9FED190AA7
:1057C000194880ED000AFAEE002AB2EE002ADFED59
:1057D000171A9FED171AD0ED000A114890ED000A34
:1057E000144802F025FAFAEE002AB2EE002ADFEDA4
:1057F0000F1A9FED0F1A0C48D0ED000A084890EDE3
:10580000000A0D4802F014FA10BD00003D0A973E50
:105810009C000020DA03AD39A00000206ABC843F60
:105820006C0000207FD9BD3D70000020CDCC4C3EE7
:1058300000000000B4040020E404002010B5044679
:10584000FFF7ACFF094890ED000A094880ED010A16
:10585000084890ED000A064880ED020A44700520D1
:105860000349087000F03CFA10BD00009C000020C5
:10587000BC050020A000002010B52DED068B6F4860
:10588000007800F0010010B9B7EE000A01E0BFEEA9
:10589000000AF0EE409AB7EE000A69EE808A684886
:1058A000007830B167480088032802D2B0EE680A59
:1058B00001E09FED650AB0EE40AA9FED631ADFEDAF
:1058C000620AB0EE4A0AFCF78BFB00F0B7F910B998
:1058D000BDEC068B10BD5A48007818BB59480088AB
:1058E000401C5849088008460088322812D357487F
:1058F00090ED000AB0EEC00ADFED550AB4EEE00A02
:10590000F1EE10FA06D801204D49087000204D49EB
:10591000088006E04B480088C82802D30620FFF71D
:105920008DFFD5E74748008828B9484890ED000A20
:10593000484880ED000A43480088032805D24148C2
:105940000088401C3F490880C2E7404890ED000AAB
:105950004048D0ED000A30EE600AB0EE409A3B4875
:1059600090ED000A3B48D0ED000A30EE200AF6EE3A
:10597000000A20EE200AF0EE40AAB0EEC90ADFEDE0
:10598000360AB4EEE00AF1EE10FA03D20620FFF771
:1059900055FF9DE73148D0ED010AB0EE680A00EEF0
:1059A000EA0ADFED2F0A20EE200A80EE098A18EEBF
:1059B000100A03F048FF20B918EE100A03F021FF87
:1059C00018B10620FFF73AFF82E7264890ED000A5B
:1059D00030EE080A80ED000A00BF18480078401C2D
:1059E00016490870002016490870164908801348A7
:1059F000007808281FD31B4890ED000AF2EE000A39
:105A000080EE201AB0EE418A9FED171ADFED170ADB
:105A1000B0EE480A00F0E0F918B90720FFF70EFFD2
:105A200008E00E48D0ED010AB0EE600AF0EE480A38
:105A300000F06CF900BF00BF4AE70000E30000205F
:105A4000E4000020E6000020000000008C000020A0
:105A50009A99193E00010020CDCC4C3DBC05002098
:105A600051499D39FC0000200AD7233CACC527379B
:105A700010B52DED028B61486149097800EB81007A
:105A800090ED000AF0EE408A5E48C0ED018A9FED7D
:105A90005E0A80ED000A9FED5C0AFCF795FA00F0C3
:105AA000CDF810B9BDEC028B10BD58480088401CE1
:105AB00056490880564890ED000A30EE680AB0EE6C
:105AC000C00ADFED540AB4EEE00AF1EE10FA2ED867
:105AD00090ED010AB0EEC00ADFED4E0AB4EEE00A26
:105AE000F1EE10FA23D84C480088C82805D24A485D
:105AF0000088401C4849088028E0454890ED000A8D
:105B00004648D0ED000A30EE200A80ED000A4448F5
:105B100090ED000A4348D0ED000A30EE200A80EDF7
:105B2000000A41480088401C3F4908800EE00020E0
:105B3000394908803C4908809FED330A374880ED99
:105B4000000A9FED310A374880ED000A3648008888
:105B5000B0F5967F46D3334890ED000A2F48D0ED3C
:105B6000000A80EE201AB0EEC18AB1EE041ADFED11
:105B70002F0AB0EE480A00F02FF918B90520FFF7F8
:105B80005DFE8FE72A4890ED000A30EE080A80EDAE
:105B9000000A1B480078401C19490870002022495F
:105BA00008801D490880194908809FED170A1D4883
:105BB00080ED000A194880ED000A1148007803289A
:105BC00019D31B4890ED000AF0EE080A80EE201A67
:105BD000184880ED011A0320164908700020164964
:105BE000087008E00948008841F27071884202D3C9
:105BF0000420FFF723FE00BF54E700007CAB000841
:105C0000E20000201405002000000000E600002053
:105C10008C0000200AD7A33DE8000020F0000020FF
:105C200074000020F4000020EA0000200AD7A33C02
:105C3000F8000020BC050020E400002010B52DED88
:105C4000068B244890ED020AB0EEC00AF0EE409AAE
:105C500090ED010AB0EEC00AB0EE40AAF0EE690A7B
:105C600003F0ECFFF0EE408A1A4890ED000AB0EE27
:105C7000C00AB0EE409AF0EE680A03F0DFFFB0EE23
:105C8000408A1548007F30B10920FFF7D7FD00207A
:105C9000BDEC068B10BDB0EE000AB4EEC08AF1EE8A
:105CA00010FA04DD0320FFF7C9FD0020F0E70B48E0
:105CB00090ED000AB0EEC00AF2EE040AB4EEE00A7B
:105CC000F1EE10FA04DD0120FFF7B8FD0020DFE758
:105CD0000120DDE72C0500209C050020200000208D
:105CE00010B59FED080A084880ED010A9FED050AEE
:105CF00080ED000A00221146104601F0D3FF02F0A9
:105D000023F810BD000000001405002010B52DED93
:105D1000028BF0EE408AB0EE608A2448C0ED008A23
:105D2000234880ED008A9FED230A28EE000A2248CE
:105D300080ED000A9FED1F0A28EE800ADFED1F0AA2
:105D400020EE200A1E4880ED000AFAEE002AB2EE8C
:105D5000002ADFED1C1A9FED1C1AD0ED000A164830
:105D600090ED000A194801F063FFFAEE002AB2EE46
:105D7000002ADFED141A9FED141A1148D0ED000A25
:105D80000D4890ED000A124801F052FF1148C0ED95
:105D9000018A80ED028A00200E49487004200870B4
:105DA000FFF79EFFBDEC028B10BD00009C000020A1
:105DB000A00000207C5944456C00002017B7D13862
:105DC00070000020CDCC4C3E00000000B404002048
:105DD000E4040020BC05002010B52DED048BB0EECE
:105DE000408AF0EE608AB0EE419A18EE100A03F095
:105DF0002AFD90B918EE100A03F003FD68B9B4EE5D
:105E0000E88AF1EE10FA08DBB4EEC98AF1EE10FA76
:105E100003D80120BDEC048B10BD0020FAE7000080
:105E200005490968491C044A1160044908600021B9
:105E3000034A117070470000200100200C0100206F
:105E40000B01002000BFFEE700B58FB02F4830499E
:105E500008604FF48030486001212D480176002110
:105E6000C16080F82010012180F83010416129497B
:105E700081620021C1620221C16100218160012192
:105E80000161FCF78DFD00200C900D900E900D909F
:105E900015200C9000200E900CA91D48FCF7CCFB9F
:105EA0000020089009900A900B9008900B90012018
:105EB000099004200A9008A91548FCF7EDFB092079
:105EC00008900220099008A91148FCF7E5FB202161
:105ED0006846FAF77BFB00208DF8150006904FF41A
:105EE000801007900620009000208DF814000120FB
:105EF0000490002003900120019000200290694648
:105F00000348FCF7FBF80FB000BD00000020014083
:105F1000080300200100000F00B589B01D481E498C
:105F200008604FF48030486001211B480176002151
:105F3000C16080F8201080F83010012141611749BC
:105F400081620021C1620121C161002181600121C2
:105F50000161FCF725FD202101A8FAF737FB00209D
:105F60008DF819000E480790002008900820019035
:105F700000208DF8180001200590002004900120D9
:105F800002900020039001A90348FCF7B7F809B07C
:105F900000BD000000210140500300200100000F5F
:105FA00001000F0000B589B01D481E4908604FF47C
:105FB0008030486001211B4801760021C16080F8D3
:105FC000201080F8301001214161174981620021C1
:105FD000C1620121C1610021816001210161FCF7E1
:105FE000DFFC202101A8FAF7F1FA00208DF8190052
:105FF0000E480790002008900320019000208DF8A3
:10600000180001200590002004900120029000203B
:10601000039001A90348FCF771F809B000BD000026
:1060200000220140980300200100000F01000F0032
:106030002DE9F041002400250026002713E001216E
:106040001B48FCF7AFF9044401211A48FCF7AAF9F0
:10605000054401211848FCF7A5F906440120FDF785
:1060600014FD781C87B2322FE9DB00EE104AB8EE3F
:10607000400ADFED120A80EE201A114880ED001A66
:1060800000EE105AB8EE400ADFED0C0A80EE201A3E
:106090000C4880ED001A00EE106AB8EE400ADFED01
:1060A000070A80EE201A084880ED001ABDE8F0814A
:1060B00050030020080300209803002000004842FD
:1060C00060000020640000206800002010B5044635
:1060D00001211E48FCF766F900EE100AB8EE400AEE
:1060E0001B48D0ED000A30EE600A84ED000A012161
:1060F0001848FCF757F900EE100AB8EE400A1648A7
:10610000D0ED000A30EE600A84ED010A0121134847
:10611000FCF748F900EE100AB8EE400A1048D0ED3E
:10612000000A30EE600A84ED020A0E48008800EE94
:10613000100AB8EE400A84ED040A0A48408800EECE
:10614000100AB8EE400A84ED030A10BD5003002087
:106150006000002008030020640000209803002055
:10616000680000205C00002010B500F007F8FFF781
:106170006BFEFFF7D1FEFFF715FF10BD00B587B02E
:1061800000BF002001905748006840F001005549C9
:1061900008600846006800F00100019000BF00BFE1
:1061A00000BF002001900846006840F0020008602F
:1061B0000846006800F00200019000BF00BF00BF69
:1061C0000020019047481430006840F48070454931
:1061D000143108600846006800F48070019000BF28
:1061E00000BF00BF002001900846006840F4007026
:1061F00008600846006800F40070019000BF00BF0E
:1062000000BF002001900846006840F480600860EC
:106210000846006800F48060019000BF00BF00BF26
:10622000002001902F48006840F480002D4908604C
:106230000846006800F48000019000BF00BF1421F0
:1062400002A8FAF7C3F90320039048200290002027
:1062500004900220059002A92348FDF759FC012073
:10626000029002A92148FDF753FC0120029002A9E7
:106270001D48FDF74DFC0220029002A91B48FDF7C6
:1062800047FC1B481B490860002048600021194852
:10629000816041624FF400518161C9100161891030
:1062A000C161C90041610021C1600162FDF72EFB9F
:1062B00000BF10481049886308460E49886300BF34
:1062C000002202213820FDF7BDFD3820FDF7AAFD90
:1062D000002201211220FDF7B5FD1220FDF7A2FDDD
:1062E00007B000BD30380240000002400004024008
:1062F00010640240E00300200803002010B50222D1
:1063000006490748FCF782FB0648FCF76FF8064889
:10631000FCF76CF80248FCF7F9F810BD5C000020AF
:10632000080300205003002098030020B0EE401A1C
:1063300071EE601AB0EE610A05E0DFED0E1A70EE44
:10634000611AB0EE610ADFED0C1AB4EEE10AF1EE6B
:1063500010FAF2DC05E0DFED071A70EE211AB0EE5C
:10636000610ADFED061AB4EEE10AF1EE10FAF2D39B
:1063700070470000DB0FC940DB0F4940DB0F49C00D
:1063800000B591B014210CA8FAF720F9282102A831
:10639000FAF71CF900BF002001904548006840F45E
:1063A0008070434908600846006800F480700190DE
:1063B00000BF00BF00BF002001900846006840F009
:1063C000020008600846006800F00200019000BF6B
:1063D00000BF0920109002200D9000020C900020B8
:1063E0000E9003200F900CA93248FDF791FB4FF45B
:1063F00000700C900CA93048FDF78AFB2F483049FB
:10640000086000212E484176C17601218176002165
:10641000816006202A494860002129480177C1602F
:106420004FF4202101614FF4801141610021017678
:106430004177FCF740FF30B12148FCF755FD214979
:10644000C86011B000BD01200A900020079006909E
:1064500042F2200002904FF4015003900298049001
:10646000039805900020089009900E200B9002A937
:106470001348FCF765FC28B11148FCF735FD1149BC
:10648000C860DEE7002203211420FDF7DBFC1420A6
:10649000FDF7C8FC012203211620FDF7D3FC1620CE
:1064A000FDF7C0FC01200849087000BFC9E70000E3
:1064B00030380240002002400004024000640040E6
:1064C000C805002000060020090100200020024924
:1064D00008700249087070470A0100200B01002073
:1064E0001CB5A5208DF8000000F0BAFB8DF8010066
:1064F0000948007F8DF80200084800788DF80300F5
:106500000748016801A801F053FE082269464FF4CC
:10651000C27002F0DBFC1CBD9C05002006010020BF
:1065200020010020F8B506460C4615468DF800609F
:106530008DF801408DF802500322694640F2851023
:1065400002F0C4FCF8BD000030B52DED028B83B025
:1065500000200190029000F083FB0446062C03D13A
:106560005A4890ED030A02E0594890ED000AB0EE57
:10657000408AF7EE000A574890ED000A02F032FC1C
:1065800085B2294601A801F00FFEF7EE000AB0EE31
:10659000480A02F027FC85B229460DF1060001F0F9
:1065A00003FE8DF8084000F055FB8DF809004A48BD
:1065B000007F8DF80A00494800784949097840EA87
:1065C00041004849097840EA8100404991F851105A
:1065D00040EAC100C0B28DF80B00082201A940F2C8
:1065E000811002F073FC4048D0ED000AB0EE600A62
:1065F000DFED3E0A02F0F6FB85B2294601A801F064
:10660000D3FD3948D0ED010AB0EE600ADFED370A5C
:1066100002F0E8FB85B229460DF1060001F0C4FD49
:106620003348D0ED040AB0EE600ADFED300A02F024
:106630001BFC0546294602A801F0B6FDF7EE000A4C
:106640002C4890ED000A02F0CDFB85B229460DF1F1
:106650000A0001F0A9FD082201A94FF4C17002F05F
:1066600035FC2548D0ED010AB0EE600ADFED230AC3
:1066700002F0FAFB0546294601A801F095FD1E48E7
:10668000D0ED020AB0EE600ADFED1D0A02F0ECFB6D
:10669000054629460DF1060001F086FD16480078F2
:1066A0008DF80800144840788DF8090000208DF816
:1066B0000B008DF80A00082201A940F2831002F0B5
:1066C00005FC03B0BDEC028B30BD00004805002086
:1066D00020000020280000209C050020060100204A
:1066E0000A0100200B0100208C0000200000C8429D
:1066F000140500202C000020BC05002000007A4476
:106700000024744910B5FDF719FB044610480078C1
:1067100048B102F049FC30B101200E490870002058
:106720000D4908700CE00A48007848B101200A4978
:1067300008700A4804600A48FCF7D6FB0949C8609B
:1067400009480460094804600948046010BD00005D
:10675000090100200601002008010020140100208A
:10676000C8050020000600201C01002018010020A0
:106770000C01002038B5FDF7E1FA04460025374842
:10678000007880B100203549087001203449087034
:106790003448046002F01EFC00203349087033497D
:1067A0000870FBF76FF82E48007800B32D4800689A
:1067B000201AB0F57A7F1AD32A4804602C48FCF7D7
:1067C000DFFE2B48FCF732FE02F0EEFB50B1012059
:1067D000284908700020224908702748046027488B
:1067E000046004E02248FCF77FFB2549C86021488B
:1067F000007800B938BD684601F0D6FBA0B1BDF8FD
:106800000000B0F5817F07D19DF803109DF80200CC
:10681000224601F08BFC06E09DF803109DF8020073
:10682000224601F0EDFB01252046FEF75BFF4DB946
:1068300011480068201A642804D30F480460FFF749
:106840004FFE09E045B90D480068201A142803D30B
:106850000A480460FFF778FE00BFCBE7070100207D
:1068600008010020140100200B0100200A01002073
:10687000C8050020060100201C010020180100208E
:106880000006002010B52DED028BDA480478DA48B6
:10689000007F10B1BDEC028B10BD032C09D100F0BC
:1068A00053FAD64804709FEDD60AD64880ED000A08
:1068B000F0E7204601F01AF938B9D04804709FED8E
:1068C000D00AD04880ED000AE4E70020FBF7ECF89E
:1068D000F0EE408ACC4890ED0D0AF0EE400AB0EEA2
:1068E000680AFFF723FDC94880ED000A052C56D140
:1068F000C748007802284ED1C64890ED000AB0EE95
:10690000C00ADFEDC50AB4EEE00AF1EE10FA42DB90
:1069100000F0E0FCF0B3BD4890ED000AB0EEC00A14
:10692000DFEDBE0AB4EEE00AF1EE10FA33D8B64855
:1069300090ED030AF0EE400AB64890ED000A00F030
:1069400067FD38B3B04890ED030AB248D0ED000AB5
:1069500030EEC00AB0EEC00ADFEDB10AB4EEE00AD4
:10696000F1EE10FA17D8AF480068B0F5FA6F04D20C
:10697000AC480068401CAB490860AA480068B0F504
:10698000FA6F0FD30020A7490860062000F008FD29
:10699000062407E0FFE70020A249086002E000208B
:1069A000A0490860062C35D100F094FC70B39648DD
:1069B00090ED030AB0EEC00ADFED9B0AB4EEE00AE8
:1069C000F1EE10FA22D3934890ED000AB0EEC00A1F
:1069D000DFED950AB4EEE00AF1EE10FA16D38B481B
:1069E00090ED000AB0EEC00ADFED900AB4EEE00AC6
:1069F000F1EE10FA0ADC844890ED030AF0EE400A4A
:106A0000844890ED000A00F003FD18B9052000F05D
:106A1000C7FC0524022C06D0042C07D0052C27D057
:106A2000062C2CD127E09FED768A29E08048007D56
:106A3000012809D17F4890ED000ADFED7F0A30EE92
:106A4000200A80ED000A08E07A4890ED000ADFEDA8
:106A50007A0A30EE600A80ED000A764890ED000A6E
:106A600001F06CF8734880ED000A90ED008A07E0B1
:106A7000B0EE688A04E0644890ED0D8A00E009E712
:106A800000BF5E480078844218D05C48007801F06E
:106A90002DF860B1022C0AD0F0EE480A674890ED5C
:106AA000000AFFF743FC574880ED000A04E09FED21
:106AB000540A544880ED000A504804705148D0ED03
:106AC000000A78EE200AB0EE600A01F037F85B4861
:106AD00080ED000A90ED000AFBF776FA4A4890ED47
:106AE0000D0AF0EE400AB0EE680AFFF71FFC4748B7
:106AF00080ED000A434890ED000AB0EEC00ADFEDD9
:106B0000500AB4EEE00AF1EE10FA04D89FED3C0A08
:106B100080ED000A33E03B48D0ED000A9FED491AB2
:106B200060EE810AB0EE600ADFED470AB4EEE00ADB
:106B3000F1EE10FA08DDD0ED000A9FED431A70EE79
:106B4000C10AC0ED000A19E0DFED400AB4EEE00A28
:106B5000F1EE10FA09D22B48D0ED000A9FED3A1A57
:106B600070EE810AC0ED000A08E02648D0ED000A68
:106B70009FED371A60EE810AC0ED000A00BF1D4884
:106B80000078062834D100F0A5FB70B31E4890EDC4
:106B9000030AB0EEC00ADFED240AB4EEE00AF1EE1B
:106BA00010FA22D31B4890ED000AB0EEC00ADFEDC8
:106BB0001E0AB4EEE00AF1EE10FA16D3134890ED77
:106BC000000AB0EEC00ADFED190AB4EEE00AF1EEF9
:106BD00010FA0ADC0C4890ED030AF0EE400A0D486A
:106BE00090ED000A00F014FC10B9052000F0D8FB6D
:106BF00000BF4FE6BC0000209C050020D400002010
:106C000000000000D800002048050020C00000203F
:106C1000BD000020200000200000FA43920A863EBA
:106C200000004842DC0000200000C843DB0F493F61
:106C300014050020D00000200AD7A33BC400002088
:106C400017B7D1380012033B6F12033B6F1203BB1F
:106C5000EE7C7F3F0148007870470000BD000020B7
:106C60000148007870470000BC00002010B52DEDF1
:106C7000048B234804881CB140F6FF70844204D37F
:106C80009FED200ABDEC048B10BD00EE104AB8EE5B
:106C9000400ADFED1D0A80EE801AB7EE000A31EEE1
:106CA000400ADFED1A0A20EE208AB5EEC08AF1EE26
:106CB00010FA02D89FED130AE4E79FED150AC8EE1B
:106CC000000AB0EE609AB0EE490A03F033F8DFED47
:106CD000110A80EE201AF0EE418A9FED0F0A38EE7D
:106CE000800AF0EE408AB7EE000AC0EE280A9FED57
:106CF0000B0A30EEC00AF0EE408AB0EE680AC1E737
:106D00005C000020000048430000804500E0924500
:106D100000401C46004053450FCF5B3B33938843F4
:106D200010B5044607480078012807D005480078C8
:106D3000022803D003480078032802D12046FEF73A
:106D40007DFD10BDBC05002010B52B48007840B972
:106D50009FED2A1ADFED290A9FED280AFBF740F97B
:106D600010BDFCF7EBFF26490968401A40F6B83120
:106D7000884203D30820FEF761FDF1E71E48007842
:106D8000012829D19FED1D1ADFED1C0A9FED1B0A7A
:106D9000FBF726F9FEF752FF00B9E1E7194890ED3D
:106DA000040A1948D0ED020AB4EEE00AF1EE10FA36
:106DB0000AD3144890ED040A1348D0ED010AB4EE4A
:106DC000E00AF1EE10FA03DD0220FEF737FD10E0D5
:106DD0000220094908700CE007480078022802D117
:106DE000FEF746FE05E004480078032801D1FEF7CF
:106DF00043FD00BFB4E70000BC0500200000000018
:106E0000EC000020140500209C05002010B5002097
:106E10000A4908700A4908700A4908704870FEF764
:106E2000BDFC094890ED000A064880ED010A0748BC
:106E300090ED000A034880ED020A10BDE100002039
:106E4000E0000020BC0500209C000020A0000020E5
:106E500005480078042803D003480078052801D1AC
:106E6000012070470020FCE7BC05002000B52DED97
:106E7000048B83B0FFF7ECFF10B11A48007818B10B
:106E800003B0BDEC048B00BD012016490870164804
:106E900090ED020A10EE101A084603F037FD41EC9F
:106EA000180B114890ED010A10EE101A084603F075
:106EB0002DFD41EC190B0C4840780C4951F820008D
:106EC00002908DED008B08480078042801D108A0BD
:106ED00000E009A0014653EC192B09A0F9F754FA78
:106EE00000BFCDE7E1000020BC05002088AB000812
:106EF000444F4E45000000004641494C45440000C7
:106F00005B4944454E544946595D2073746174652C
:106F10003D25732C2052733D252E3666206F686DFB
:106F20002C204C733D252E396620482C207265613B
:106F3000736F6E3D25730D0A0000000010B51A48EE
:106F4000007800B110BD01201749087000201749D2
:106F500008701749087017490870174908801749C1
:106F60000880174908809FED170A174880ED000A2E
:106F7000164880ED000A164880ED000A154880ED9D
:106F8000000AFCF7DBFE1449086000201349487032
:106F900000BF00BF00BFBFF35F8F00BF00BF00BFD7
:106FA0000120087000BFCDE7E0000020E4000020D1
:106FB000E3000020E2000020EA000020E8000020BA
:106FC000E600002000000000FC000020F800002087
:106FD000F4000020F0000020EC000020BC050020A0
:106FE0000148007870470000E000002070B52DEDEA
:106FF000088B644890ED000AF0EE409A624890EDEC
:10700000000A6248D0ED000A30EE600AB0EEC00A15
:10701000F0EE000AB4EEE00AF1EE10FA01DD012014
:1070200000E0002006465A4890ED020AB0EEC00A81
:10703000B0EE40BA90ED010AB0EEC00AF0EE40BAF0
:10704000F0EE4B0A02F0FAFDB0EE40AA504890ED87
:10705000000AB0EEC00AF0EE40AAF0EE4A0A02F0D2
:10706000EDFDF0EE408AFFF701FEB0EE409A494890
:1070700090ED030A9FED481AC0EE010A9FED470A02
:1070800020EE800AF3EE090A20EE208A0025FFF7A1
:10709000E7FD04464248007F10B1BDEC088B70BD8F
:1070A000022C0BD0032C09D0042C07D0052C05D0C2
:1070B000062C03D000203A494861EEE700F0E0FDDD
:1070C00008B1062557E0364890ED000AB4EEE80A0C
:1070D000F1EE10FA01D201254DE0314890ED030A9E
:1070E000B4EEC90AF1EE10FA01D2032543E02C48B0
:1070F00090ED010AB4EEC80AF1EE10FA01D20225B1
:1071000039E0274890ED020AB4EEC80AF1EE10FA11
:1071100001DD04252FE01EB10020214948612AE04D
:10712000042C03D0052C01D0062C21D1B0EEE90AA5
:107130001B48D0ED040AB4EEE00AF1EE10FA17D2C3
:10714000184890ED000AB0EEC00ADFED170AB4EE61
:10715000E00AF1EE10FA0BDD11484069401C1049BD
:107160004861084640698969884204D9052502E0DA
:1071700000200B49486115B1284600F087F800BF90
:107180008BE7000020000020280000202C000020B9
:107190002C0500204004002000008045333353407C
:1071A0009C05002014050020CDCCCC3D10B52DED64
:1071B000068BFFF755FD04462148007F48B9022C95
:1071C0000AD0032C08D0042C06D0052C04D0062CA1
:1071D00002D0BDEC068B10BD00F052FD18B10620A8
:1071E00000F054F8F5E7174890ED020AB0EEC00A37
:1071F000F0EE409A90ED010AB0EEC00AB0EE40AA5F
:10720000F0EE690A02F01AFDF0EE408A0D4890EDAA
:10721000000AB0EEC00AB0EE409AF0EE680A02F042
:107220000DFDB0EE408A064890ED000AB4EEC80AA3
:10723000F1EE10FA02D2012000F028F800BFC8E7F2
:107240009C0500202C05002000200E4908779FEDAA
:107250000E0A084680ED030AB1EE000A80ED000A2E
:10726000B3EE0E0A80ED010AB3EE020A80ED020AC7
:10727000B7EE000A80ED040A0020486140F6B830FD
:10728000886170479C0500200000A04210B50446AC
:1072900014B10D48007F00B110BD0B4804779FED7D
:1072A0000B0A0B4880ED010A9FED080A80ED000AE9
:1072B00000221146104600F0F5FC00F045FD0720C5
:1072C00000F06EF800BFE7E79C050020000000001A
:1072D0001405002070B5124890ED0D0A10EE105AFA
:1072E00090ED030A10EE104A90F8500098B10C4847
:1072F00090F8510078B1284602F09EFA58B9284615
:1073000002F075FA38B9204602F096FA18B920460C
:1073100002F06DFA08B1002070BD0120FCE700000A
:107320004805002070B50446022C02DC0D48007FA1
:1073300008B1002070BD0C480470FFF791FC0546B1
:107340003CB9052D01D0062D03D1042000F028F80A
:1073500006E0012C04D1062D02D1052000F020F812
:107360000120E7E79C050020BD0000200849D1ED81
:10737000000AF0EEE00AB0EE600A10B9F1EE400A41
:1073800001E0F0EE400A0249C1ED000A704700003A
:1073900028000020014880ED000A704728000020E6
:1073A00070B5044600BFEFF31080064672B613486E
:1073B0000578AC4208D0072D01D1072C04D1104824
:1073C000007F20B1072C02D006B962B670BD0D480F
:1073D0000570FCF7B3FC0C49086001200B490870EC
:1073E00000BF00BF00BFBFF35F8F00BF00BF00BF83
:1073F0000248047006B962B600BFE7E7BC0000208F
:107400009C050020CD000020C8000020CC000020FA
:1074100020EE201AB5EEC01AF1EE10FA01DD0120BF
:1074200070470020FCE70000F0EE400A0E48D0ED67
:10743000071A71EEE01AB0EE610AD0ED091AB0EE4B
:10744000611A80ED040A80ED060A90ED002AF0EE44
:10745000411A42EE401A90ED012A42EE401AC0ED68
:10746000051A80ED081A7047540400209FED0D0A9C
:107470000D4880ED040A9FED0B0A80ED060A9FED92
:10748000090A80ED050A9FED070A80ED080A9FEDC5
:10749000050A80ED090A9FED030A044880ED000A01
:1074A0007047000000000000540400201405002074
:1074B00010B52DED028B3E4890ED000AB0EE408AEB
:1074C00090ED000A3B48D0ED000AB4EEE00AF1EE80
:1074D00010FA18D2364890ED000AF0EE000A30EEAD
:1074E000200A80ED000A90ED000A3248D0ED000A33
:1074F000B4EEE00AF1EE10FA28DD90ED000A2C4817
:1075000080ED000A22E02A4890ED000A2948D0EDDB
:10751000000AB4EEE00AF1EE10FA17DD244890ED0F
:10752000000AF0EE000A30EE600A80ED000A90EDED
:10753000000A2048D0ED000AB4EEE00AF1EE10FA9D
:1075400004D290ED000A1A4880ED000AB5EEC08A18
:10755000F1EE10FA07DD164890ED000AB5EEC00A0C
:10756000F1EE10FA0CD3B5EEC08AF1EE10FA0CD29F
:107570000F4890ED000AB5EEC00AF1EE10FA04DDF6
:107580009FED0D0A0A4880ED000AB5EEC08AF1EEC3
:1075900010FA09D0064890ED000AB5EEC00AF1EEE7
:1075A00010FA01D1FFF762FFBDEC028B10BD0000A5
:1075B0002C000020280000200000000010B5002052
:1075C00014490870022014490870012013490870FA
:1075D000FCF7B4FB124908600020124908709FEDC7
:1075E000120A124880ED000A0020114908709FED30
:1075F0000E0A104880ED000A00200F4908609FED38
:107600000A0A0E4880ED000A9FED070A0C4880ED3B
:10761000000A10BDBC000020BD000020CC000020EE
:10762000C8000020CD00002000000000D000002095
:10763000D4000020D8000020DC000020C40000207E
:10764000C000002010B5FE48007F10B10920FFF7F0
:1076500067FBFFF70BFCFB48007808287DD2DFE8CA
:1076600000F0043B5AF6F0EFEEED002000F04CFA8B
:1076700088B300221146104600F014FB00F064FBB2
:107680009FEDF10AF14880ED010A9FEDEF0A80EDD0
:10769000000AFAEE002AB2EE002ADFEDED1A9FEDA5
:1076A000EA1AEC48D0ED000AEB4890ED000AEB48EE
:1076B00000F0BEFAFAEE002AB2EE002ADFEDE41A7C
:1076C0009FEDE11AE348D0ED000AE34890ED000A8F
:1076D000E34800F0ADFA04E2012000F015FA48B1E9
:1076E00000F032FB0C21DF48FDF720FCFCF726FB05
:1076F000DD490860FCF722FBDB490968401AC8280D
:1077000008D3FEF795FC0C21D648FDF795FC022026
:10771000FFF746FEE5E1022000F0F6F9E8B3FAEEE5
:10772000002AB2EE002ADFEDCA1A9FEDC71AC94837
:10773000D0ED000AC84890ED000AC84800F078FA79
:10774000FAEE002AB2EE002ADFEDC11A9FEDBE1A52
:10775000C048D0ED000AC04800E0BEE190ED000A4C
:10776000BF4800F065FA00F04BFDB64800780228EB
:1077700019D1B348007FB0B99FEDBC0AB34880ED82
:10778000010A9FEDB10A80ED000A00221146104661
:1077900000F088FA00F0A2FA00E00DE0FCF7CEFA63
:1077A000B149086008E09FEDA80AA84880ED010AE9
:1077B0009FEDA50A80ED000AA2480078022845D175
:1077C000FCF7BCFAA8490968401AB0F57A7F3DD3A6
:1077D0000120FAF769F99FED9C0A9C4880ED010AA7
:1077E000FAEE002AB2EE002ADFED991A9FED961A02
:1077F0009848D0ED000A984890ED000A974800F0AC
:1078000017FAFAEE002AB2EE002ADFED911A9FED88
:107810008E1A9048D0ED000A8F4890ED000A9048EB
:1078200000F006FA9FED880A914880ED000AFFF704
:10783000D7FB40B90320FFF7B3FD07E038E1C4E010
:107840009BE01BE003E00420FFF7AAFD49E10320D1
:1078500000F05AF938B141F268021146104600F0C2
:1078600021FAFFF76BFB77480078032805D1FFF773
:10787000EFFA10B10220FFF793FD32E1042000F08F
:1078800043F9E8B39FED700A704880ED010A79482A
:1078900090ED000AB5EEC00AF1EE10FA01D3012016
:1078A00000E00020694908750846007D012802D1E2
:1078B000B6EE000A01E0BEEE000A644880ED000A60
:1078C000FAEE002AB2EE002ADFED611A9FED5E1A91
:1078D0006048D0ED000A604890ED000A5F4800F073
:1078E000A7F9FAEE002AB2EE002ADFED591A9FED51
:1078F000561A5848D0ED000A574890ED000A00E0AB
:1079000011E0574800F094F9DFED5B2A9FED5B2A08
:10791000DFED4F1A9FED4C1ADFED590A9FED590A22
:10792000594800F085F9FCF709FA4F490968401AEF
:10793000B0F57A7F20D355480078E8B14348007D00
:10794000012809D1524890ED000ADFED520AB4EE49
:10795000E00AF1EE10FA0CDA3C48007D60B94C48C0
:1079600090ED000ADFED4C0AB4EEE00AF1EE10FAF9
:1079700002D80520FFF714FDB3E0052000F0C4F89D
:1079800010B39FED310A314880ED010A4348007879
:10799000062819D09FED2C0A2C4880ED000ADFED57
:1079A000362A9FED362ADFED2A1A9FED271ADFEDE2
:1079B000340A9FED340A344800F03AF92D4890ED2E
:1079C000000A314880ED070A8BE0062000F09CF8A1
:1079D00058B11C480078062807D11948007F20B903
:1079E0009FED190A194880ED010AFFF773FC10B3E7
:1079F000274890ED000AB0EEC00ADFED290AB4EE88
:107A0000E00AF1EE10FA16D3264890ED000AB0EE27
:107A1000C00ADFED250AB4EEE00AF1EE10FA0ADC46
:107A2000224890ED030AF0EE400A194890ED000A52
:107A3000FFF7EEFC10B90520FFF7B2FC51E00000A3
:107A40009C050020BC000020000000001405002060
:107A5000CDCC4C3E700000206C000020B40400200F
:107A6000E404002078020020C80000209A99993E82
:107A7000D0000020280000209A9999BF9A99993F38
:107A8000BD3786368FC2F53B54040020BD00002070
:107A90002000002000007042000070C2CD000020D5
:107AA0000000C843C0000020DB0F493F480500200C
:107AB000072000F029F878B11FED1D0A0A4880ED73
:107AC000010A1FED1F0A80ED000A00221146104630
:107AD00000F0E8F800F038F903E00720FFF760FC59
:107AE00000BF00BF10BD00001405002001460229A0
:107AF00005D0042903D0052901D0062901D1012090
:107B000070470020FCE7000010B5014600BFEFF30E
:107B100010831A46002072B6064B1B788B4206D1A2
:107B2000054B1B781BB10023034C2370012002B9C5
:107B300062B610BDBC000020CC00002005E0DFEDE7
:107B40000D0A70EE600AB0EE600ADFED0A0AB4EECC
:107B5000E00AF1EE10FAF2DA05E0DFED060A70EE67
:107B6000200AB0EE600AB5EEC00AF1EE10FAF4D3C6
:107B700070470000DB0FC9407047F0EE400A90EDFF
:107B8000070A30EE600A80ED040A90ED050A90EDD8
:107B9000041AD0ED011A01EE210A80ED050A90EDDC
:107BA000050A90ED001AD0ED041A01EE210A90EDBD
:107BB000041AD0ED061A31EE611AD0ED021A01EE68
:107BC000810A80ED080A90ED080A90ED0A1AB4EED9
:107BD000C10AF1EE10FA04DD90ED0A0A80ED090AFF
:107BE00011E090ED080A90ED0B1AB4EEC10AF1EE27
:107BF00010FA04D290ED0B0A80ED090A03E090ED33
:107C0000080A80ED090A90ED090A90ED081A30EE95
:107C1000411A90ED050AD0ED031A01EE810A80EDBC
:107C2000050A90ED040A80ED060A90ED090A7047F6
:107C300080ED000AC0ED010A80ED021AC0ED031AC2
:107C40009FED0E3A80ED043A9FED0C3A80ED063A36
:107C50009FED0A3A80ED053A9FED083A80ED073A2C
:107C60009FED063A80ED093A80ED0A2AC0ED0B2A15
:107C70009FED023A80ED083A7047000000000000D6
:107C800010B50648007838B14FF480610448FCF71D
:107C900041F808B9012010BD0020FCE732000020A7
:107CA0000014024042F2D003984200D9184642F232
:107CB000D003994200D9194642F2D0039A4200D922
:107CC0001A46054B1B685863034B1B689963024BAC
:107CD0001B68DA63704700007802002010B50020AE
:107CE0001649087000224FF480611548FCF71AF815
:107CF00000211448FDF71AF904211248FDF716F97E
:107D000008211048FDF712F90C210E48FDF70EF975
:107D100000210C48FCF73AFD04210A48FCF736FD27
:107D200008210848FCF732FD012291020448FBF7C4
:107D3000F9FF01200149087010BD00003200002049
:107D4000001402407802002010B50020124908708B
:107D500000224FF480611148FBF7E4FF0021104836
:107D6000FDF76AF904210E48FDF766F908210C4871
:107D7000FDF762F90C210A48FDF75EF90021084879
:107D8000FCF77EFD04210648FCF77AFD0821044833
:107D9000FCF776FD10BD0000320000200014024008
:107DA0007802002000B597B000BF00200090654821
:107DB000006840F00100634908600846006800F070
:107DC0000100009000BF00BF00BF002000900846E7
:107DD000006840F0020008600846006800F00200F9
:107DE000009000BF00BF00BF002000905548143035
:107DF000006840F0010053491431086008460068EB
:107E000000F00100009000BF00BF00BF0020009004
:107E10004C48006840F020004A4908600846006865
:107E200000F02000009000BF00BF142112A8F8F756
:107E3000CDFB4FF48060129001201390002014902D
:107E400012A94148FBF764FE002040490870002257
:107E50004FF480613C48FBF765FF0120169002203B
:107E600013904FF4E06012900020149002201590BF
:107E700012A93748FBF74CFE4FF46040129012A94C
:107E80003448FBF745FE3448344908600021334844
:107E9000816101612021816042F2D001C160002036
:107EA0002E49486000212D484161FDF709F8002066
:107EB000109011901090119010A92848FCF70CFC1C
:107EC0001C2109A8F8F782FB00200D900E9060207D
:107ED000099000200B900A900F900C90002209A9A5
:107EE0001E48FCF769FF042209A91C48FCF764FF3F
:107EF000082209A91948FCF75FFF42F2CF000A9057
:107F00000C2209A91548FCF757FF202101A8F8F712
:107F10005DFB0020089007904FF400500690002071
:107F2000059064200490002003900290019001A924
:107F30000A48FCF797FB002211461046FFF7B2FEF5
:107F400017B000BD3038024000140240320000205B
:107F500000000240000402400000014078020020BE
:107F6000D0ED000A0E4A92ED011A60EE810A90ED02
:107F7000011AD2ED001A41EE210AC1ED000AD0ED3E
:107F8000000AF1EE600A92ED001A60EE810A90EDAF
:107F9000011AD2ED011A41EE210AC1ED010A704722
:107FA00094000020704700000246124801781248F1
:107FB0000078814201D100207047104830F821003C
:107FC00010800E4800EB8100807890700B4800EB29
:107FD0008100C378D37000BF00BF00BFBFF35F8FC5
:107FE00000BF00BF00BF481C00F00300014B187029
:107FF0000120E1E70501002004010020F005002038
:108000002DE9F04104460D461646FEF729FE0746C7
:10801000032C07D035B1012211462046FEF782FA23
:10802000BDE8F081062C72D2DFE804F071032C3A2F
:1080300060633B48007F28B1032201212046FEF700
:1080400071FA1EE02FB1042201212046FEF76AFAE0
:1080500017E00120FFF7A4F9FEF702FE012805D082
:10806000042201212046FEF75DFA56E001202D4949
:1080700008703046FDF7D4FE002211462046FEF778
:1080800051FA4AE000F0A6FF002026490870304669
:10809000FDF7C6FE002211462046FEF743FA3CE0FB
:1080A0001F48007F08B9072F05D103220121204670
:1080B000FEF738FA19E0022D05DD052201212046E0
:1080C000FEF730FA11E02846FFF72CF928B9042210
:1080D00001212046FEF726FA07E03046FDF7A0FE14
:1080E000002211462046FEF71DFA16E0FEF72CFA94
:1080F00013E00C48007808B100F06CFF002009493B
:10810000087009490870F9F7BDFB06E0FFE7012296
:1081100011462046FEF706FA00BF00BF00BF7FE70A
:108120009C0500200A0100200B0100202DE9F041F0
:1081300005460E46174646EA052004B2FEF790FDB6
:1081400080461748844202DB4042844205DD022219
:1081500001210620FEF7E6F91FE01248007F10B962
:10816000B8F1070F05D1032201210620FEF7DAF945
:1081700013E024B1012101EBE470FFF7F7F800EE02
:10818000104AB8EEC00AFFF705F93846FDF748FE79
:10819000002211460620FEF7C5F9BDE8F081000077
:1081A00074F5FFFF9C0500200A12027041707047B1
:1081B0000A0E02700A0C42700A0A8270C17070477F
:1081C000D0ED000A0D4A92ED011A60EE810A90EDA1
:1081D000011AD2ED001A41EE610AC1ED000AD0ED9C
:1081E000000A92ED001A60EE810A90ED011AD2EDBC
:1081F000011A41EE210AC1ED010A704794000020E6
:1082000010B59FED450A01F095FDB1EE400ADFED96
:10821000430A80EE201A424880ED001A9FED410A81
:10822000414880ED000A9FED3F0A404880ED010A79
:1082300080ED000A9FED3B0A3D4880ED0E0AB7EE47
:10824000000A3C4880ED000A00203B4908709FED81
:10825000350A3A4880ED000A9FED320A80ED010AA6
:108260009FED300A80ED020A9FED2E0A80ED030A91
:108270009FED2C0A2E4880ED000A9FED2A0A80ED22
:10828000010A9FED280A80ED020A9FED260A80ED83
:10829000030A9FED240A80ED040A9FED220A80ED77
:1082A000050A9FED200A80ED060A9FED1E0A80ED6B
:1082B000070A9FED1C0A80ED080A9FED1A0A80ED5F
:1082C000090A01201A4981F828009FED160A08467C
:1082D00080ED0B0A9FED130A80ED0C0A9FED110A49
:1082E00080ED0D0A9FED0F0A80ED0F0A9FED0D0A3C
:1082F00080ED100A9FED0B0A80ED110A9FED090A2F
:1083000080ED120A9FED070A80ED130A002081F824
:10831000500081F8510010BD6666663F17B7D1382E
:10832000AC00002000000000B0000020A4000020ED
:1083300048050020B4000020B800002038050020C7
:1083400010B5304890ED000A2F4880ED000A2D4806
:1083500090ED010A2C4880ED010A2C4890ED000AAE
:10836000294880ED020A294890ED010A264880ED4F
:10837000030A27480078E8BB234890ED000A10EE76
:10838000101A084601F051FAD0B91F4890ED000AC2
:1083900010EE101A084601F020FA88B91A4890ED3C
:1083A000010A10EE101A084601F03FFA40B91648CB
:1083B00090ED010A10EE101A084601F00EFA10B105
:1083C000FFF71EFF10BD104890ED000A114880ED28
:1083D000100A0D4890ED010A0E4880ED110A0120A7
:1083E0000C4981F85000002081F851000120084913
:1083F0000870E7E7FFE70749034800F00DF800BF02
:10840000E0E7000084000020380500207C00002008
:10841000B80000204805002070B52DED068B0546FC
:108420000C4695ED000A10EE101A084601F0FDF911
:1084300000287DD195ED000A10EE101A084601F0D3
:10844000CCF9002874D195ED010A10EE101A0846F7
:1084500001F0EBF900286BD195ED010A10EE101A2E
:10846000084601F0BAF9002862D195ED020A10EE33
:10847000101A084601F0D9F900287DD195ED020ABD
:1084800010EE101A084601F0A8F9002874D195EDF5
:10849000030A10EE101A084601F0C7F900286BD144
:1084A00095ED030A10EE101A084601F096F900281F
:1084B00062D194ED100A10EE101A084601F0B5F9D9
:1084C000002859D194ED100A10EE101A084601F058
:1084D00084F968BB94ED110A10EE101A084601F0F9
:1084E000A4F928BB94ED110A10EE101A084601F009
:1084F00074F9E8B994ED060A10EE101A084601F076
:1085000094F9A8B994ED060A10EE101A084601F085
:1085100064F968B994ED070A10EE101A084601F0E4
:1085200084F928B994ED070A10EE101A084600E005
:1085300022E001F052F9F8B994ED0D0A10EE101A8C
:10854000084601F072F9B8B994ED0D0A10EE101A50
:10855000084601F042F978B994ED0F0A10EE101AAE
:10856000084601F062F938B994ED0F0A10EE101ABE
:10857000084601F032F948B1FFF742FE002084F8C6
:10858000500084F85100BDEC068B70BD012084F8CA
:108590005000002694ED100AD5ED000A30EE600A76
:1085A00084ED120A94ED110AD5ED010A30EE600A4D
:1085B00084ED130AD4ED120AB0EE600A02F0ECF872
:1085C000F2EE000A20EE200A84ED040AD4ED130A2C
:1085D000B0EE600A02F0E0F8F2EE000A20EE200AA7
:1085E00084ED050A94ED040ADFEDF80A20EE200A76
:1085F000D4ED060A9FEDF61A00EE810A84ED060A14
:1086000094ED050ADFEDF10A20EE200AD4ED070A09
:108610009FEDEF1A00EE810A84ED070AED4890ED18
:10862000000A9FEDED1AC1EE000A95ED020A94EDE5
:10863000101AEA48D0ED001A01EEC10A94ED041AAE
:1086400030EE411A94ED100A00EE810AE44880ED04
:10865000000AE04890ED000A9FEDDF1AC1EE000A23
:1086600095ED030A94ED111ADC48D0ED001A01EEE5
:10867000C10A94ED051A30EE411A94ED110A00EE8C
:10868000810AD74880ED010AD4ED060A94ED061A56
:1086900060EE810A94ED071AD4ED071A41EE210A23
:1086A000B0EE600A01F0C4FCDFEDCE0A80EE208A55
:1086B000FEF7D6FA06280FD0CB4890ED000AF3EE6D
:1086C0000E0AB4EEE00AF1EE10FA05DDB7EE000A8C
:1086D000C64880ED000A12E0FEF7C2FA06280ED066
:1086E000C14890ED000AFBEE0E0AB4EEE00AF1EE8E
:1086F00010FA04D2BFEE000ABC4880ED000ABB4865
:1087000090ED000A20EE080A84ED020A94ED060AB4
:10871000D0ED000A60EE208A94ED070AD0ED000A41
:1087200020EE209AF0EE490AB0EE680A01F0B6F8A1
:10873000F1EE40AAD4ED020AB0EE600AAC48D0EDEA
:10874000000A01F0ABF83AEE800A84ED000A07E077
:1087500094ED000ADFEDA70A30EE600A84ED000A0E
:1087600094ED000ADFEDA30AB4EEE00AF1EE10FA90
:10877000EEDA07E094ED000ADFED9E0A30EE200A03
:1087800084ED000A94ED000AB5EEC00AF1EE10FA8D
:10879000F0D394F8500090B118EE100A01F045F8AB
:1087A00068B918EE100A01F018F840B9B3EE040ADF
:1087B000B4EEC08AF1EE10FA01DB012000E00020E7
:1087C00084F8510094F8280098B194F8510080B1D1
:1087D000002084F8280094ED000A84ED010A94ED4D
:1087E000000A84ED0D0A94ED020A84ED0F0A0126B9
:1087F00003E094ED000A84ED010AD4ED020AB0EE24
:10880000600A7B48D0ED000A01F048F8B0EE40AABB
:10881000B0EE4A0A01F06AF960EE28AAB0EE4A0A00
:1088200001F03EFB49EE40AAC4ED08AAB0EE4A0AA8
:1088300001F036FB60EE28AAB0EE4A0A01F056F9C4
:1088400049EE00AAC4ED09AAD4ED0D0AB0EE600A03
:1088500001F04CF9D4ED080A60EE20AAD4ED0D0A1F
:10886000B0EE600A01F01CFBD4ED090A40EE80AACC
:10887000C4ED0BAAD4ED080A94ED081A60EE810A43
:1088800094ED091AD4ED091A41EE210AB0EE600AFE
:1088900001F0CEFBF0EE409A94F8510020B99FED24
:1088A000560A84ED0C0A07E094ED0B0AB1EE400A7B
:1088B000C0EE290AC4ED0C0A94F85100A0B99FED4E
:1088C0004E0A4E4880ED000A9FED4B0A84ED0E0AD9
:1088D0009FED490A84ED0F0A9FED470A84ED030AD4
:1088E000012084F82800C3E0D4ED0C0A9FED441A5F
:1088F00020EE811A4148D0ED000ADFED371A41EE33
:10890000210AC0ED000AD0ED000A9FED3E1AF4EEF8
:10891000C10AF1EE10FA03DDDFED3A0AC0ED000AFC
:108920003648D0ED000A9FED381AF4EEC10AF1EE98
:1089300010FA03D2DFED340AC0ED000A94ED0C1AF0
:108940002E48D0ED000ADFED311A41EE810AC4ED68
:108950000E0AD4ED020A94ED0E1A70EE810AC4EDEF
:108960000F0AD4ED0F0A9FED2A1AF4EEC10AF1EEB8
:1089700010FA03DDDFED260AC4ED0F0AD4ED0F0A6D
:108980009FED241AF4EEC10AF1EE10FA03D2DFEDE6
:10899000210AC4ED0F0AD4ED0D0A94ED0F1ADFED94
:1089A0000E1A41EE210AC4ED0D0AD4ED0D0AF5EEC2
:1089B000C00AF1EE10FA2FD2D4ED0D0A9FED0D1A78
:1089C00070EE810AC4ED0D0A37E00000D0CCCC3D3A
:1089D0006666663FA000002017B7D1389C000020D3
:1089E000A40000207F6ABC3B20000020B4000020CF
:1089F000AC000020DB0FC94000000000B0000020E8
:108A000000007A440000FA430000FAC30000484224
:108A100000409C4400409CC4D4ED0D0A1FED0B1A8D
:108A2000F4EEC10AF1EE10FA07DDD4ED0D0A1FEDE8
:108A30000F1A70EEC10AC4ED0D0AD4ED0F0A9FEDB6
:108A4000121A60EE810A9FED111A80EE810A16B1AA
:108A500084ED030A0BE0DFED0E0A60EE200A94EDD0
:108A6000031ADFED0C1A41EE210AC4ED030A00BF20
:108A7000094890ED000A84ED100A90ED010A84ED9A
:108A8000110A00BF7FE5000000007042DB0FC94102
:108A90008074933B17D97E3FA400002070470000EC
:108AA00070B52DED028BB0EE405AB0EE601AB7EE05
:108AB000007AB4EEC75AF1EE10FA07D20025C44E80
:108AC0007563B563F563BDEC028B70BD0021D0ED1D
:108AD000015A90ED017AD0ED007A9FEDBE8A18EE32
:108AE000277AF0EE007A87EE276A90ED017AD0EDD2
:108AF000007A9FEDB98A18EE277AF0EE007AC7EE79
:108B0000276AF5EEC05AF1EE10FA01DD012200E00D
:108B10000022B5EEC06AF1EE10FA01DD012300E09B
:108B20000023F5EEC06AF1EE10FA01DD012400E049
:108B30000024A500022606FB0355154469B2072947
:108B40000BD2DFE801F00A0405060708090004E07B
:108B500003E002E001E000E000BF00BF9FED9D7A6E
:108B600021EE077AD0ED017A27EE277AC7EE052AA3
:108B70009FED9A7A21EE077AD0ED017A27EE277AD7
:108B8000F7EE087A61EE277A90ED008A07EE887A90
:108B900087EE053AC1EE057A90ED017A9FED8F8A56
:108BA00027EE087A90ED008AF7EE088A08EEC87A78
:108BB00067EE873A072953D2DFE801F05204111E0D
:108BC0002B384500B0EE630AF0EE430A31EE407AEE
:108BD00037EE607AF0EE007AC7EE274A45E0B0EE55
:108BE000430AF1EE620A31EE407A37EE607AF0EE37
:108BF000007AC7EE274A38E0B1EE630AF0EE620A67
:108C000031EE407A37EE607AF0EE007AC7EE274A0E
:108C10002BE0B1EE620AF0EE630A31EE407A37EEF5
:108C2000607AF0EE007AC7EE274A1EE0B0EE620AE4
:108C3000F1EE430A31EE407A37EE607AF0EE007AD8
:108C4000C7EE274A11E0B1EE430AF1EE630A31EEB6
:108C5000407A37EE607AF0EE007AC7EE274A04E0F9
:108C60009FED5F0ADFED5E0A00BF00BF30EE207AA5
:108C7000B4EEC17AF1EE10FA10DD70EE207AB0EEAB
:108C8000677A61EE007A87EE878AB0EE480A61EE75
:108C9000207A87EE878AF0EE480A00BF31EE407AEC
:108CA00037EE607AF1EE007AC7EE271AF0EE007A1E
:108CB00080EE277A37EE212AF0EE007A80EEA77A4E
:108CC00037EE024A07296BD2DFE801F06A04152665
:108CD00037485900BCEEC27A17EE105A3C4E756305
:108CE000BCEEE17A17EE105AB563BCEEC47A17EE0B
:108CF000105AF56368E0BCEEE17A17EE105A344E74
:108D00007563BCEEC47A17EE105AB563BCEEC27A36
:108D100017EE105AF56357E0BCEEE17A17EE105AE1
:108D20002B4E7563BCEEC27A17EE105AB563BCEEDB
:108D3000C47A17EE105AF56346E0BCEEC47A17EE1B
:108D4000105A234E7563BCEEC27A17EE105AB56303
:108D5000BCEEE17A17EE105AF56335E0BCEEC47A4A
:108D600017EE105A1A4E7563BCEEE17A17EE105AE0
:108D7000B563BCEEC27A17EE105AF56324E0BCEE80
:108D8000C27A17EE105A124E7563BCEEC47A17EE13
:108D9000105AB563BCEEE17A17EE105AF56313E092
:108DA000BCEEE17A17EE105AADB2094E7563BCEE17
:108DB000E17A17EE105AADB2B563BCEEE17A17EE68
:108DC000105AADB2F56300BF00BF00BF7BE60000E4
:108DD00000000140D7B3DD3FD7B3DDBFD7B35D3F60
:108DE0000000000010B52DED048BF0EE408AB0EECF
:108DF000609A18EE900A00F02DFD20B918EE900A46
:108E000000F009FD18B10020BDEC048B10BD28EE68
:108E1000898A9FED120AB4EEC08AF1EE10FA02DDE3
:108E200047F6FF70F0E79FED0E0AB4EEC08AF1EE50
:108E300010FA01D20B48E7E7B5EEC08AF1EE10FA5E
:108E400002DBB6EE000A01E0BEEE000A30EE080AD0
:108E5000BDEEC00A10EE100A00B2D5E700FEFF46D4
:108E6000000000C70080FFFF10B52DED048BB0EEB1
:108E7000408AB0EE609A18EE100A00F0EBFC48B998
:108E800018EE100A00F0C7FC20B9B5EEC08AF1EE6A
:108E900010FA03D80020BDEC048B10BD68EE098ADF
:108EA0009FED090AF4EEC08AF1EE10FA02DD4FF6EA
:108EB000FF70F0E7B6EE000A38EE800ABCEEC00A9A
:108EC00010EE100A80B2E6E700FF7F4770B588B069
:108ED00004460D461646182102A8F7F777FB1148FD
:108EE000007810B9002008B070BD029400200490F2
:108EF000059006968DF81C0001AB2A4602A90A4887
:108F0000F9F773FE08B90120EDE708484068401CF6
:108F1000064948600448F9F7E7FF0449C8600020A3
:108F2000E1E7000006010020C8050020000600203F
:108F300008B500BF002000901448006840F0100001
:108F4000124908600846006800F01000009000BF59
:108F500000BF0F480F49086080210E488161002141
:108F60000161816040F2E731C160532009494860E6
:108F7000002108484161FBF7C7FC0122022136208D
:108F8000FAF760FF3620FAF74DFF08BD403802407F
:108F9000001000403002002010B50248FBF7E8FC4A
:108FA00010BD00003002002010B50948FAF7B9FAE8
:108FB00008B1002010BD48F602410548F9F700FE4F
:108FC00008B90120F6E70248FAF7DAFA0020F1E7DB
:108FD000C805002010B5FDF743FE032802D101208B
:108FE000FDF79EFE9FED030AFEF7D4F90020FEF781
:108FF000D7F910BD0000000010B5FAF7A5FE10BDAE
:109000000348006840F470000149086070470000A0
:1090100088ED00E010B50248FBF702FE10BD00002D
:10902000C002002010B50248FBF7FAFD10BD000099
:109030003002002010B50268294B98420ED0B0F1E2
:10904000804F0BD0274B984208D0274B984205D031
:10905000264B984202D0264B984203D122F0700250
:109060004B681A431E4B984220D0B0F1804F1DD060
:109070001C4B98421AD01C4B984217D01B4B98425D
:1090800014D01B4B984211D01A4B98420ED01A4B59
:1090900098420BD0194B984208D0194B984205D0F2
:1090A000184B984202D0184B984203D122F44072D8
:1090B000CB681A4322F080034C6943EA0402026041
:1090C0008B68C3620B688362054B984202D0084BE1
:1090D000984201D10B6903630123436110BD000075
:1090E000000001400004004000080040000C004067
:1090F000000401400040014000440140004801409C
:1091000000180040001C00400020004030B501F075
:109110001F05012404FA05F3046A9C430462046AEF
:1091200001F01F0502FA05F52C43046230BD30B58D
:1091300001F01F05042404FA05F3046A9C43046249
:10914000046A01F01F0502FA05F52C43046230BDE4
:1091500030B5056A25F001050562026A4368846935
:1091600024F0700424F003040D682C4322F0020262
:109170008D682A43104DA84200D103E00F4DA8424C
:1091800006D100BF22F00802CD682A4322F0040273
:10919000094DA84202D0094DA84207D123F480739B
:1091A00023F400734D692B438D692B434360846125
:1091B0004D684563026230BD00000140000401407B
:1091C00030B5056A25F010050562026A43688469B6
:1091D00024F4E04424F440740D6844EA052422F0A9
:1091E00020028D6842EA0512124DA84200D103E028
:1091F000114DA84207D100BF22F08002CD6842EA9B
:10920000051222F040020B4DA84202D00A4DA8429E
:1092100009D123F4806323F400634D6943EA850395
:109220008D6943EA8503436084614D68856302620A
:1092300030BD0000000001400004014030B5056A67
:1092400025F480750562026A4368C46924F07004DD
:1092500024F003040D682C4322F400728D6842EA66
:109260000522124DA84200D103E0114DA84207D1BA
:1092700000BF22F40062CD6842EA052222F4806237
:109280000A4DA84202D00A4DA84209D123F48053C6
:1092900023F400534D6943EA05138D6943EA05132E
:1092A0004360C4614D68C563026230BD0000014087
:1092B0000004014030B5056A25F480550562036A53
:1092C0004468C26922F4E04222F440720D6842EA26
:1092D000052223F400538D6843EA0533084DA84264
:1092E00002D0084DA84204D124F480444D6944EAD8
:1092F00085144460C2614D680564036230BD00009E
:10930000000001400004014010B52DED028BB0EECD
:10931000408A0446B0EE480A00F0C2FD84ED000A1F
:10932000B0EE480A00F0E2FB84ED010ABDEC028BCE
:1093300010BD70B50546AC6B0020E085E08420468A
:10934000FBF796FF70BD0168C96821F4907102684F
:10935000D1600168496921F0010102685161016B26
:10936000012905D10168C96821F010010268D160A6
:10937000202180F83E1000210163704710B504469B
:109380002068C06820F040002168C860202084F870
:109390003D002046FCF7A4F9002010BD70B504463E
:1093A00094F83E00222856D1A068B0F5805F0CD119
:1093B000206950B90025A66A20684068C0F30800FB
:1093C0003080A06A801CA06215E0A56A0026A06813
:1093D000B0F5805F03D0A06828B9206918B920686B
:1093E0004068287004E02068406800F07F00287022
:1093F000A06A401CA062E08D401E80B2E08540BBA8
:109400002068C06820F020002168C8602068C0681B
:1094100020F480702168C8602068406920F0010055
:1094200021684861202084F83E00206B01280AD181
:109430002068C06820F010002168C860A18D204617
:10944000FBF715FF02E02046FCF706F90020206339
:1094500070BD0020FCE70220FAE700002DE9F84F7C
:1094600004462068006920F44050E1680843216800
:1094700008612169A068084361690843E1690843FC
:1094800000902068C06849F20C6188430099084345
:109490002168C8602068406920F44070A1690843D1
:1094A0002168486176492068884203D07549206860
:1094B000884203D1FAF7F0FD814602E0FAF7DCFDBD
:1094C0008146E069B0F5004F6CD102206168A0FBD5
:1094D000015003461920A9FB007001462A46384670
:1094E000F6F7DBFE6421B0FBF1F04FEA001A022030
:1094F0006168A0FB01510B461920A9FB00712A46A7
:109500003846F6F7CAFE834602206168A0FB015088
:1095100003461920A9FB00712A463846F6F7BDFE1E
:109520006421B0FBF1F000EBC00101EB0010ABEBEC
:109530008000322101EBC0006421B0FBF1F000F0AB
:10954000F8000AEB400A02206168A0FB01500346C4
:109550001920A9FB007001462A463846F6F79DFE01
:10956000834602206168A0FB015003461920A9FB35
:1095700000712A463846F6F790FE6421B0FBF1F000
:1095800000EBC00101EB0010ABEB8000322101EBDE
:10959000C0006421B0FBF1F000F0070050442168E6
:1095A00088606AE004206168A0FB0150034619202E
:1095B000A9FB007001462A463846F6F76EFE824641
:1095C00004206168A0FB015003461920A9FB00702C
:1095D00001462A463846F6F760FE6421B0FBF1F0FA
:1095E00000EBC00101EB0010AAEB8000322101EB7F
:1095F00000106421B0FBF1F000F0F00A0420616873
:10960000A0FB017003461920A9FB00513A462846E9
:10961000F6F743FE6421B0FBF1F00AEB001A0420D8
:109620006168A0FB01510B461920A9FB00712A4675
:109630003846F6F732FE834604206168A0FB0150ED
:1096400003461920A9FB007001462A463846F6F762
:1096500024FE6421B0FBF1F000EBC00101EB00102F
:10966000ABEB8000322101EB00106421B0FBF1F084
:1096700000F00F00504421688860BDE8F88F0000BA
:10968000001001400014014010B5034699629A850C
:10969000DA8500201864222083F83E0000BF0020F5
:1096A00083F83C0000BF1868C06840F480701C68F4
:1096B000E0601868406940F001001C68606118684B
:1096C000C06840F020001C68E060002010BD01462A
:1096D00091F83D00212828D18868B0F5805F0BD132
:1096E000086948B90A6A1088C0F308000B68586016
:1096F000086A801C086205E00B6A581C086218782A
:109700000B685860C88C401E80B2C88458B908687D
:10971000C06820F080000B68D8600868C06840F01E
:1097200040000B68D860002070470220FCE7000072
:1097300070B500240F4D1048FBF7A6FD00BF03E0F5
:10974000641CAC4200D904E00B48FBF792FD2028D2
:10975000F6D100BF002403E0641CAC4200D906E04F
:10976000012206490448FBF755FF0028F4D100BF49
:1097700070BD0000FFFF0100EC0100200E00002082
:1097800000BFFEE703B401984100009850EAC120F1
:1097900018BF04204A0D18BF40F0010040F2FF72CC
:1097A000B2EB515F08BF40F00200012808BF05205E
:1097B00002B070474100080218BF04200A0E18BF0B
:1097C00040F001004FF07F4232EA010108BF40F053
:1097D0000200012808BF0520704701464FF07F4076
:1097E000B0EB410F01D1012070470020FCE701469A
:1097F0004FF07F40B0EB410F01D1012070470020B6
:10980000FCE701464FF07F40B0EB410F01D1012052
:1098100070470020FCE701464FF07F40B0EB410F5E
:1098200001D1012070470020FCE7014621F00040F3
:10983000C0F1FF40C00F7047014621F00040C0F169
:10984000FF40C00F7047014621F00040C0F1FF40CB
:10985000C00F7047014621F00040C0F1FF40C00F2B
:109860007047000002480068C0F302207047000003
:109870000CED00E010B5002804DB0A07130E054AC2
:10988000135406E00A07140E034A00F00F031B1FCF
:10989000D45410BD00E400E018ED00E010EE100A12
:1098A00010B510EE901A4FF0684202EB40032DED18
:1098B000028BB3F1654F3CBF02EB4102B2F1654F41
:1098C0007CD200BFC0F3C753C1F3C7529A1A1B2AF8
:1098D00009DD10F0004F14BF9FED6E0A9FED6E0A78
:1098E000BDEC028B10BD12F11A0F1BDA11F0004F04
:1098F00009D010F0004F0CBF9FED680A9FED680A79
:10990000BDEC028B10BD80EE208A18EE100AFFF726
:1099100051FF042808BF00F0C1FBB0EE480ABDECBF
:10992000028B10BD4200B2EB410F37D910F0004F4F
:1099300019BFDFED5C1A9FED5C1ADFED5C1A9FED3D
:109940005C1AB0EE602A0A46F1EE400A80F000414F
:10995000B0EE420A10460A1A5200B2F1807F34D2A9
:10996000484010F0004FDFED532A9FED533A1DBFE2
:10997000BEEE002A71EEE21A31EE431AB6EE002A6C
:1099800004BF71EEA21A31EE031AF0EE402A42EE45
:10999000602A40EE020A82EEA02A18E011F0004F81
:1099A00004BF9FED461AF0EE411AD4D010F0004FDC
:1099B0001CBFDFED431A9FED431A00E026E004BF11
:1099C000DFED411A9FED411AC5E780EE202A22EE15
:1099D000020ADFED3F0ADFED3F2ABDEC028B40EECD
:1099E000202ADFED3D0A40EE220ADFED3C2A40EE60
:1099F000202ADFED3B0A40EE220A22EE000A00EEAA
:109A0000201A31EE020A30EE210A10BD4FF07F42DB
:109A1000B2EB400F28BFB2EB410F05D2BDEC028B79
:109A2000BDE8104000F02FBB40EA01035B0008BF17
:109A300041F0FF410BD0B2EB400F08BFB2EB410F3A
:109A400008D120F0804000EE100A21F0804100EEA5
:109A5000901A37E7B2EB400F12BF5FEA410240F0C5
:109A6000FF4001F000413FF42DAF4A0092EA40036D
:109A70003FF528AF002AACBF9FED1A1A9FED1A1AC6
:109A800020EE010A60EE810A10EE100A10EE901A24
:109A900018E70000DB0FC9BFDB0FC93FDB0F4940F0
:109AA000DB0F49C00000C9BF22AAFDB90000C93FB1
:109AB00022AAFD390060ED3EC30ACE370000000047
:109AC000000049C022AA7DBA0000494022AA7D3A7E
:109AD0002DAD65BD8FB8D53D0FB511BE61C84C3EEB
:109AE000A8AAAABE0000804F0000802F10EE101A16
:109AF00008B5444A6846B2EB410F28D94FF0E6401A
:109B0000B0EB410F94BF00204FF0FF300090009861
:109B1000002861DB60EE000A10F0010F45D010F064
:109B2000020FDFED391A9FED391A00EEE11ADFED71
:109B3000381A40EE811A21EEA01AF0EE400A40EEEB
:109B4000010A08BFF1EE600AB0EE600A08BD314BB1
:109B500021F0004293423CD911F0004FDFED2E0A74
:109B600020EE201ADFED2D0A19BF31EE601A71EEDA
:109B7000200A31EE201A71EE600ABDEEE01A11EEF5
:109B8000100A9FED271A00F0030000EEC10A9FEDB6
:109B9000251A009000EEC10A9FED231A00EEC10ABB
:109BA0009FED221A00EEC10AB1E79FED211A9FED49
:109BB000210A10F0020F00EE810A9FED1F1A00EE3D
:109BC000801AB7EE000A00EE810A18BFB1EE400A13
:109BD00008BD00F06BFA9AE710EE100A4000B0F1F1
:109BE0007F4F3CBFB7EE000A08BD07D14FF0010020
:109BF000F6F75DFDBDE8084000F048BABDE8084052
:109C000000F03EBAB61F927E336D4C39DA82083CC2
:109C1000A0AA2ABE490E494683F9223F0000004B04
:109C20000000C93F00A0FD390020A2331A61342C86
:109C3000B93AB2BACA9F2A3DDDFFFFBE10B52DED7D
:109C4000028BB0EE608AF0EE408A18EE101A18EE21
:109C5000900A00F093FE00F07040B0F1005F0CD06D
:109C600018EE100A20F00040C0F1FF40C00F02BF04
:109C7000B0EE480ABDEC028B10BDB0EE680ABDEC38
:109C8000028B10BD10B52DED028BF0EE408A18EE60
:109C9000900AB0EE608A20F00040C0F1FF40C00F93
:109CA00007D118EE100A20F00040C0F1FF40C00FAD
:109CB0002BD018EE101A18EE900A00F0D3FE00EE2A
:109CC000100A10EE100A6FEAD05010F0FF0F04BF18
:109CD000BDEC028B10BD18EE900A00F0004110EEB2
:109CE000100A00F00040814204BFBDEC028B10BDA1
:109CF00018EE101A10EE100ABDEC028B61F31E0074
:109D000000EE900A30EE600A10BD18EE900A4FF097
:109D10007F41B1EB400F1CBF18EE100A5FEA400014
:109D2000C7D10120F6F7C3FCBDEC028BBDE81040A3
:109D300000F0ACB910EE100A10B50023A0F5000138
:109D4000B1F1FE4F67D200BF00F500216FF07E0237
:109D500002EBE15CC1F302524FF07E5101EB025184
:109D600000EE901AA0EBCC5003EB0C0100EE100AB1
:109D700051EA020036D030EE601A70EE200A9FEDF4
:109D80003D2A3E4881EE200A9FED3B1A60EE000A14
:109D900000EE821A60EE201A61EE810A784401EE2C
:109DA000101A00EB82009FED362AB8EEC11AD0EDF2
:109DB000001A344841EE021A784401EE101A00EB02
:109DC0008200B8EEC11A90ED002ADFED2F2A01EED5
:109DD000222AB0EE001A72EE200A40EE010A31EE9D
:109DE000A00A10BDF7EE000A9FED291A30EE600AB6
:109DF000DFED260A00EE201ADFED260A60EE001ADB
:109E000040EE010A9FED241A00EE201A61EE810A4D
:109E100030EE200A10BD4FF07F41B1EB400F03D26E
:109E2000BDE8104000F02CB9B0F1FF4F08BF10BDE5
:109E3000B5EEC00AF1EE10FA06D20120F6F737FCB3
:109E4000BDE8104000F022B9B5EEC00AF1EE10FAFC
:109E500007D10220F6F72BFC00F008F9B1EE400A1A
:109E600010BDDFED0E0A6FF0160320EE200A10EE93
:109E7000100A69E766F1CC3EAAAA2A3F100E00003C
:109E80000070313F140E0000F4FD053821ED423E14
:109E90000A1180BEC1ABAA3EFFFFFFBE0000004B0F
:109EA00000B510EE101A2DED028B81B0524A6846B3
:109EB000B2EB410F2ED94FF0E640B0EB410F94BF0B
:109EC00000204FF0FF3000900098B0EE408A00284C
:109ED0006ADB10F0010F4BD068EE080A9FED471ABD
:109EE0009FED470A00EE810A9FED461A10F0020F1F
:109EF00000EE801AB7EE000A00EE810A02BF01B040
:109F0000BDEC028B00BD00BF01B0B1EE400ABDEC5C
:109F1000028B00BD3C4B21F00042934241D911F02D
:109F2000004FDFED3A0A20EE201ADFED390A19BFA3
:109F300031EE601A71EE200A31EE201A71EE600ADD
:109F4000BDEEE01A11EE100A9FED321A00F0030088
:109F500000EEC10A9FED301A009000EEC10A9FED9D
:109F60002F1A00EEC10A9FED2E1A00EEC10AABE7D0
:109F700028EE080A9FED2B1ADFED2B0A10F0020FD6
:109F800040EE410A9FED291A00EE201A61EE000A08
:109F9000B0EE480A08EE200AB6D101B0BDEC028B43
:109FA00000BD00F083F88FE718EE100A4000B0F112
:109FB0007F4F0DD218EE100AFFF7FCFB042808BFF4
:109FC00000F06CF8B0EE480A01B0BDEC028B00BDA9
:109FD00009D10120F6F76BFB01B0BDEC028B5DF8F7
:109FE00004EB00F053B801B0B0EE480ABDEC028BB0
:109FF0005DF804EB00F044B8B61F927EB93AB2BAED
:10A00000CA9F2A3DDDFFFFBE490E494683F9223F24
:10A010000000004B0000C93F00A0FD390020A23322
:10A020001A61342C336D4C39DA82083CA0AA2ABE5E
:10A0300010B52DED028BB1EEC08A18EE100A20F09B
:10A040000040C0F1FF40C00F0AD010EE100A20F00F
:10A050000040C0F1FF40C00F04BF0120F6F727FB0E
:10A06000B0EE480ABDEC028B10BD0000DFED030A24
:10A07000B7EE001A81EE200A7047000000000000D1
:10A0800030EE000A704730EE200A7047DFED020A1A
:10A0900080EEA00A70470000000000009FED020A59
:10A0A00020EE000A70470000000000102DE9F001CA
:10A0B0004FF07F42B2EB410F9FBF4FF0FF31016085
:10A0C000BDE8F00170474FF0004242EA0123C1F3BE
:10A0D000C752783A551112F01F0C434CCCF12006B0
:10A0E0007C44C1F3C752A2F178024FEA621204EB3A
:10A0F000820254F8254008BFD2E9015612D05568B3
:10A1000004FA0CF425FA06F73C43976805FA0CF5B7
:10A1100027FA06F8D26807FA0CFCF24045EA08056F
:10A120004CEA0206A4FB034CA5FB0352A6FB036307
:10A130001D449D4234BF012600261319334416B135
:10A14000934202D903E0934201D2012200E00022AF
:10A15000624402F1200C9206DC0C42EA443200EE2A
:10A16000102A5B03DFED210AF8EEC01A00EE103A68
:10A170004FEA9C1C11F0004FB8EE400AC0F800C036
:10A1800020EE201A00EE105ADFED190AB8EE400A50
:10A1900020EE200A71EE810A70EE800A10EE902AFD
:10A1A00002F500626FF30B0200EE902A70EEE11AE6
:10A1B00031EEC11ADFED101A30EE411A9FED0D0A93
:10A1C00020EE800A01EE210A9FED0C1A00EE810AB2
:10A1D00004BFBDE8F0017047CCF180510160BDE8DB
:10A1E000F001B1EE400A70470C0B00000000003691
:10A1F0000000802C22AAFD29DB0FC92F0000C92FE7
:10A2000030380A2801D2012070470020704700BF73
:10A210007047000010B504460420FAF7F3F901482E
:10A22000046010BD0400002070B504461E2094FB9D
:10A23000F0F594FBF0F100FB114604E047F23050DA
:10A2400000F00CF86D1E002DF8D12EB14FF47A718C
:10A2500006FB01F000F002F870BD000070B5034687
:10A2600000224FF0E02675690D4E366803FB06F4B8
:10A270004FF0E026B16910E04FF0E026B069884267
:10A280000BD0884202D20E1A324402E02E1A0E443B
:10A2900032440146A24200D300E0EDE700BF70BDAA
:10A2A0000400002000BF054A126802F04002002AA4
:10A2B000F9D0C2B2014B5A60704700000010014053
:10A2C00000B587B000BF00BF002001902A48006899
:10A2D00040F01000284908600846006800F01000AF
:10A2E000019000BF00BF00BF00BF00BF0020019071
:10A2F0000846006840F0100008600846006800F05A
:10A300001000019000BF00BF00BF00BF00BF0020D1
:10A3100001900846006840F0100008600846006898
:10A3200000F01000019000BF00BF00BF04200290A9
:10A3300000200390012004900220059002A90F48FC
:10A34000F9F7E6FB0820029000200390012004901A
:10A350000220059002A90948F9F7DAFB10200290C3
:10A3600000200390012004900220059002A90348D8
:10A37000F9F7CEFB07B000BD3038024000100240B4
:10A3800070B50446002514B1012021490870204809
:10A39000007838B304211F48F9F7BCFC48B1082104
:10A3A0001C48F9F7B7FC20B110211A48F9F7B2FCA4
:10A3B000C0B90A20FFF738FF0020154908700421B2
:10A3C0001448F9F7A7FC00B9012508211148F9F74D
:10A3D000A1FC00B9022510210E48F9F79BFCA8B991
:10A3E000032513E004210B48F9F794FC01280DD153
:10A3F00008210848F9F78EFC012807D110210548EB
:10A40000F9F788FC012801D101490870284670BD80
:10A41000190000200010024000B587B000BF00BF47
:10A42000002001901F48006840F010001D4908609E
:10A430000846006800F01000019000BF00BF00BF98
:10A4400000BF00BF002001900846006840F01000E7
:10A4500008600846006800F01000019000BF00BFCF
:10A4600000BF01200290039004900220059002A9F1
:10A470000D48F9F74DFB0220029002A90A48F9F7AE
:10A4800047FB00BF012211460748F9F74BFC00BF0C
:10A4900000BF012202210448F9F744FC00BF07B0C5
:10A4A00000BD000030380240001002402DED0C8B42
:10A4B0008EB0F9F755FC0723022208214FF4A8704B
:10A4C00000F086F9A820FFF7A5FE4FF4E13000F078
:10A4D000E5F9FFF7A1FFFFF7F3FEFDF763FCFBF7DC
:10A4E00043FEF7F74DFBFBF74BFFFEF721FDFAEEBE
:10A4F000002AB2EE002ADFED8C1A9FED8C1A8C48F0
:10A50000D0ED000A8B4890ED000A8B48FDF790FBD8
:10A51000FAEE002AB2EE002ADFED831A9FED831ACD
:10A520008348D0ED000A834890ED000A8348FDF788
:10A530007FFBDFED832A9FED832ADFED7B1A9FED02
:10A540007B1ADFED810A9FED810A8148FDF770FBE0
:10A55000F7F732FCFDF754FEFCF776FEFCF756FCED
:10A56000FDF72CF8FBF7CAFEF7F712FCFCF7CAF868
:10A57000FEF712FD0020FCF713FFF9F7DFFB06469C
:10A580000D96CFE00020FFF7FBFE05469FED670A22
:10A59000B0EE408A012D09D1FCF762FB002866D19C
:10A5A0000120FCF7FDFEFBF791FF60E0022D2ED1AC
:10A5B000FCF756FB052803D0FCF752FB062856D1C2
:10A5C000644890ED000ADFED640A30EE200AB0EE38
:10A5D000408A9FED620AB4EEC08AF1EE10FA04DB05
:10A5E0009FED5E0AB0EE408A0AE09FED5D0AB4EE90
:10A5F000C08AF1EE10FA03D89FED590AB0EE408AF6
:10A60000B0EE480AFCF7C6FEFBF760FF2FE0032D13
:10A610002DD1FCF725FB052803D0FCF721FB0628EC
:10A6200025D14C4890ED000ADFED4B0A30EE600A70
:10A63000B0EE408A9FED490AB4EEC08AF1EE10FAFE
:10A6400004DB9FED460AB0EE408A0AE09FED440A23
:10A65000B4EEC08AF1EE10FA03D89FED410AB0EED5
:10A66000408AB0EE480AFCF795FEFBF72FFFF9F79A
:10A6700065FB0446A01B04D02646FCF77BF8FCF7DC
:10A68000E1FF0D98201A0A284BD3364890ED000AB6
:10A6900010EE107A344890ED0D0A10EE108A33480F
:10A6A00090ED000A10EE109A2F4890ED030A10EE7C
:10A6B00010AA2F4890ED000A10EE10BA2A4890F820
:10A6C00051000C90FCF7CCFA0B900D94584600F01A
:10A6D0001DF941EC190B504600F018F941EC1A0B2A
:10A6E000484600F013F941EC1B0B404600F00EF910
:10A6F00041EC1C0B384600F009F941EC1D0BDDE97B
:10A700000B10CDE908018DED069B8DED04AB8DEDB1
:10A7100002BB8DED00CB53EC1D2B16A0F5F734FEDC
:10A7200000BF00BF2EE70000CDCC4C3E0000000073
:10A73000700000206C000020B4040020E40400201D
:10A740009A9999BF9A99993FBD3786368FC2F53B42
:10A7500054040020280000200000484200C0284582
:10A7600000C028C53400002048050020200000203B
:10A77000C0000020252E36662C252E36662C252E70
:10A7800033662C252E33662C252E36662C25752C0B
:10A7900025750D0A00000000F0EE400AB7EE000A31
:10A7A000F4EEC00AF1EE10FA02DDB7EE000A7047CF
:10A7B000BFEE000AF4EEC00AF1EE10FA02D2BFEECC
:10A7C000000AF4E7B7EE001A80EE810AEFE7000016
:10A7D0002DE9F04192B080460C4615461E460027F2
:10A7E00000BF002000902A48006840F080502849AF
:10A7F00008600846006800F08050009000BF00BF6D
:10A8000000BF002000902348006840F480402149A8
:10A8100008600846006800F48040009000BF00BF58
:10A820000120019000040290022007904105089148
:10A83000CDF8288009940B950C9601A8F9F794FCA3
:10A8400007461FB1012012B0BDE8F0810F200D9026
:10A8500002200E9000200F904FF4A05010904FF463
:10A860008050119005210DA8F9F73EFB07460FB166
:10A870000120E8E7F9F75CFA41F20101884205D1CD
:10A880000548006840F48070034908600020DAE75A
:10A890004038024000700040003C024010B50446C1
:10A8A00009480A4908600846446000218160C16087
:10A8B000016181610C214161FAF70EFE0122044918
:10A8C0000248FAF7A7FE10BD00100140EC0100207D
:10A8D0000E00002010B500290AD00878002807D003
:10A8E00005487844F5F79AFE002801D0002010BDF5
:10A8F0000248784410BD00005A04000052040000D1
:10A900000808A0F500114FEA3101704743004FEAF3
:10A91000D30C4FEA3C0C43401FBF40070CF1605181
:10A9200013F0FE4F70471CF0006F03D100200CF0B5
:10A93000004170470CF0004343EA507010B540EA04
:10A94000CC0000F044F800BF000000924FEA000184
:10A95000FFF7D6BF4FF000414FF00000A1F50021F6
:10A960007047000000EE100A00EE901AB4EE600A84
:10A97000F1EE10FA78BF704700F00DB810B5FFF790
:10A98000F1FFEFF3008020F0104038BF40F00040AE
:10A9900080F3008810BDBDE8104010B500F017F836
:10A9A0000000000900F007B84FF0404010F1004FE0
:10A9B000EFF300807047401058BFC0F1404049108D
:10A9C00058BFC1F140418142EFF3008070470EF162
:10A9D000020E2EF0030E5EF8044B244204D44FEA1C
:10A9E0004102B2F17F4F11D84FEA4003B3F17F4FDC
:10A9F0000CD80ED14FEAD07CB2F17F4F0CEB4C0C4F
:10AA00000CF1020C08BF4CEBD17C04E04FF0080CB9
:10AA100001E04FEAD17C0CEB4C0324FA03F404F080
:10AA20000704B4F1040C06D20EEB840CBDE8104010
:10AA30004CF0010C6047DFE80CF0070802024FF011
:10AA40000040A0F5800010BD0846420018BFD2F1BA
:10AA5000807288BF00F0004010BD4FF04070E1EE02
:10AA6000100A70474FF07F4C3CEA410318BF3CEAA4
:10AA7000400200F062804FF47F0C10F0004F0CEAAF
:10AA8000D11318BF43F005031CEAD01218BF13EA14
:10AA90000C0F00F057804FF0004C4CEA00204CEABD
:10AAA0000121A3F580339A4210DDB0F1004F23F06D
:10AAB000020306D3401A43F00203BCBF404283F0B6
:10AAC00001034FEA4000A2F58032ECE74FEA224C46
:10AAD000BCEB234F08DB884206D31CD0A0EB41001F
:10AAE000C0F1000083F0010340001DD217D40DD047
:10AAF000B0FA80FC0CF1010C00FA0CF0A2EB0C4255
:10AB0000D2F1000C12DB4FEAC37070474FEA43707A
:10AB100000F00040704713F0020FE5D0DEE7B2F519
:10AB200080324FEA4000EBDD002AE9DD4FEAC21235
:10AB300042EA502040EAC370704710B5FFF747FF64
:10AB4000EDFFFF3E1CEAD11F02D000F0004070472D
:10AB5000004870470000C07FF5F7E1BE000000002C
:10AB600000000000010203040607080900000000BD
:10AB70000102030400061016000610169A99193FE8
:10AB80000000803F3333B33FC8AC0008A4AC0008DA
:10AB9000E8AC0008F0AC000810AD0008BCAC000840
:10ABA000D0AC0008B0AC000800AD0008DCAC000878
:10ABB000000000000030F13D0070643E0000A33E44
:10ABC0000090CF3E0090F83E00400F3F00E0203F55
:10ABD0000000000015B78337CDE37B380EE1C538A0
:10ABE00060F69138AF5F0F38E1BC3E3823F4473947
:10ABF000000000006E83F9A22915444ED15727FCAE
:10AC0000C0DD34F5999562DB4190433CAB6351FE66
:10AC100002400000000000A000000000054000000D
:10AC2000000000C8000000000C4000000000409C34
:10AC300000000000194000000020BCBE0000000021
:10AC400034400000BFC91B8E00000004B540000066
:10AC5000504BCFD06607E2CF010000006C410000EE
:10AC60003E8251AADFEEA73401000000D942000065
:10AC7000DCB5A0E23A301F97FFFFFFFFB4450000AC
:10AC8000FD25A0C8E9A3C14FFFFFFFFFFF3F000064
:10AC90000000008000000000FF3F00000000008076
:10ACA000000000004E4F545F53544F505045440035
:10ACB0004C535F52414E47450000000052535F52D3
:10ACC000414E4745000000004E4F4E450000000039
:10ACD0004C535F524553504F4E53450050524F54C2
:10ACE000454354494F4E0000564255530000000062
:10ACF00043555252454E545F4C494D495400000053
:10AD0000544F54414C5F54494D454F555400000039
:10AD100052535F54494D454F5554000058AD0008FB
:10AD20000000002024010000C40100087CAE0008DF
:10AD3000240100204C090000E00100081C00000074
:10AD400043000000F8FFFFFF0C0000000E000000B1
:10AD50000F0000002E0000000024F400000000009E
:10AD600000000000000000000000000010000000D3
:10AD700001010000000000000000000000000000D1
:10AD800000004843000048430000000000000000AD
:10AD900000000000000000000000000000000000B3
:10ADA00000000000000000000000000000000000A3
:10ADB00001000000000000000000C2440000C24486
:10ADC0000000C2446ABC843F7FD9BD3D0000000042
:10ADD0000000000000000000000000000000000073
:10ADE0000000000000000000000000000000000063
:10ADF000000000003D0A973EDA03AD390000000074
:10AE00000000000000000000000000000000803F83
:10AE10000000000000020000000000000000000030
:10AE20000000000001000000000000000000000021
:10AE30000000000000000000000000000000000012
:10AE40000000000000000000000000000000000002
:10AE500000000000000000000000000000000000F2
:10AE600000000000000000000000000000000000E2
:0CAE7000000000000000000000000000D6
:040000050800018965
:00000001FF
